,id,anomaly_id,event,occurred_at
44160,53539,15919,CREATED,2020-01-10 02:03:43.227671
44161,53542,15907,AUTO_CLOSED,2020-01-10 02:00:00.000000
44163,53544,15921,CREATED,2020-01-10 02:03:57.723265
44165,53549,15923,CREATED,2020-01-10 02:04:13.845084
44167,53553,15925,CREATED,2020-01-10 02:04:17.301094
44169,53555,15926,CREATED,2020-01-10 02:04:25.313328
44170,53563,15913,AUTO_CLOSED,2020-01-10 03:00:00.000000
44171,53565,15914,AUTO_CLOSED,2020-01-10 03:00:00.000000
44172,53566,15915,AUTO_CLOSED,2020-01-10 03:00:00.000000
44173,53607,15888,AUTO_CLOSED,2020-01-10 03:00:00.000000
44174,53610,15946,STARTED,2020-01-10 02:00:00.000000
44175,53611,15946,CREATED,2020-01-10 04:01:51.772181
44176,53614,15948,STARTED,2020-01-10 02:00:00.000000
44177,53615,15948,CREATED,2020-01-10 04:02:03.654108
44178,53616,15949,STARTED,2020-01-10 02:00:00.000000
44179,53617,15949,CREATED,2020-01-10 04:02:06.972760
44180,53703,15950,AUTO_CLOSED,2020-01-10 05:00:00.000000
44181,53705,15987,STARTED,2020-01-10 03:00:00.000000
44182,53706,15987,CREATED,2020-01-10 05:02:31.817387
44183,53711,15988,STARTED,2020-01-10 03:00:00.000000
44184,53712,15988,CREATED,2020-01-10 05:03:57.552401
44185,53713,15919,AUTO_CLOSED,2020-01-10 05:00:00.000000
44186,53714,15989,STARTED,2020-01-10 03:00:00.000000
44187,53715,15989,CREATED,2020-01-10 05:04:09.498236
44188,53721,15921,AUTO_CLOSED,2020-01-10 05:00:00.000000
44189,53723,15937,AUTO_CLOSED,2020-01-10 05:00:00.000000
44190,53726,15991,STARTED,2020-01-10 03:00:00.000000
44191,53727,15991,CREATED,2020-01-10 05:04:29.221752
44192,53730,15926,AUTO_CLOSED,2020-01-10 05:00:00.000000
44193,53766,15839,AUTO_CLOSED,2020-01-10 06:00:00.000000
44194,53789,15993,AUTO_CLOSED,2020-01-10 06:00:00.000000
44195,53790,15994,AUTO_CLOSED,2020-01-10 06:00:00.000000
44196,53792,15997,AUTO_CLOSED,2020-01-10 06:00:00.000000
44197,53809,16000,AUTO_CLOSED,2020-01-10 07:00:00.000000
44198,53817,16012,STARTED,2020-01-10 05:00:00.000000
44199,53818,16012,CREATED,2020-01-10 07:04:48.137636
44200,53821,16013,STARTED,2020-01-10 06:00:00.000000
44201,53822,16013,CREATED,2020-01-10 08:01:28.148961
44202,53823,16007,AUTO_CLOSED,2020-01-10 08:00:00.000000
44203,53824,15901,AUTO_CLOSED,2020-01-10 08:00:00.000000
44204,53831,16001,AUTO_CLOSED,2020-01-10 08:00:00.000000
44205,53855,16026,STARTED,2020-01-10 06:00:00.000000
44206,53856,16026,CREATED,2020-01-10 08:03:44.969108
44207,53895,16043,STARTED,2020-01-10 07:00:00.000000
44208,53896,16043,CREATED,2020-01-10 09:04:02.562096
44209,53902,16046,STARTED,2020-01-10 07:00:00.000000
44210,53903,16046,CREATED,2020-01-10 09:04:13.950498
44211,53910,16049,STARTED,2020-01-10 07:00:00.000000
44212,53911,16049,CREATED,2020-01-10 09:05:15.391256
44213,53915,16051,STARTED,2020-01-10 07:00:00.000000
44214,53916,16051,CREATED,2020-01-10 09:05:47.212143
44215,53917,16052,STARTED,2020-01-10 07:00:00.000000
44216,53918,16052,CREATED,2020-01-10 09:05:50.628519
44217,53919,16053,STARTED,2020-01-10 07:00:00.000000
44218,53920,16053,CREATED,2020-01-10 09:06:07.738556
44232,53562,15910,AUTO_CLOSED,2020-01-10 02:00:00.000000
44233,53573,15894,AUTO_CLOSED,2020-01-10 03:00:00.000000
44234,53574,15895,AUTO_CLOSED,2020-01-10 03:00:00.000000
44236,53576,15933,CREATED,2020-01-10 03:04:13.637128
44237,53577,15916,AUTO_CLOSED,2020-01-10 03:00:00.000000
44238,53585,15917,AUTO_CLOSED,2020-01-10 03:00:00.000000
44239,53588,15918,AUTO_CLOSED,2020-01-10 03:00:00.000000
44240,53597,15897,AUTO_CLOSED,2020-01-10 03:00:00.000000
44241,53600,15928,AUTO_CLOSED,2020-01-10 03:00:00.000000
44243,53606,15944,CREATED,2020-01-10 03:07:16.657954
44244,53621,15951,STARTED,2020-01-10 02:00:00.000000
44245,53622,15951,CREATED,2020-01-10 04:02:56.317611
44246,53623,15933,AUTO_CLOSED,2020-01-10 04:00:00.000000
44247,53693,15983,STARTED,2020-01-10 02:00:00.000000
44248,53694,15983,CREATED,2020-01-10 04:05:40.860610
44249,53697,15944,AUTO_CLOSED,2020-01-10 04:00:00.000000
44250,53700,15986,STARTED,2020-01-10 03:00:00.000000
44251,53701,15986,CREATED,2020-01-10 05:02:01.561511
44252,53752,15946,AUTO_CLOSED,2020-01-10 06:00:00.000000
44253,53754,15998,STARTED,2020-01-10 04:00:00.000000
44254,53755,15998,CREATED,2020-01-10 06:02:42.902933
44255,53756,15999,STARTED,2020-01-10 04:00:00.000000
44256,53757,15999,CREATED,2020-01-10 06:02:48.343718
44257,53758,15949,AUTO_CLOSED,2020-01-10 06:00:00.000000
44258,53804,16008,STARTED,2020-01-10 05:00:00.000000
44259,53805,16008,CREATED,2020-01-10 07:02:40.398586
44260,53829,16015,STARTED,2020-01-10 06:00:00.000000
44261,53830,16015,CREATED,2020-01-10 08:03:03.890699
44262,53834,16016,STARTED,2020-01-10 06:00:00.000000
44263,53835,16016,CREATED,2020-01-10 08:03:13.534288
44264,53836,16017,STARTED,2020-01-10 06:00:00.000000
44265,53837,16017,CREATED,2020-01-10 08:03:19.125371
44266,53839,16018,STARTED,2020-01-10 06:00:00.000000
44267,53840,16018,CREATED,2020-01-10 08:03:22.472289
44268,53843,16020,STARTED,2020-01-10 06:00:00.000000
44269,53844,16020,CREATED,2020-01-10 08:03:26.154346
44270,53845,16021,STARTED,2020-01-10 06:00:00.000000
44271,53846,16021,CREATED,2020-01-10 08:03:29.464633
44272,53849,16023,STARTED,2020-01-10 06:00:00.000000
44273,53850,16023,CREATED,2020-01-10 08:03:32.847685
44274,53851,16024,STARTED,2020-01-10 06:00:00.000000
44275,53852,16024,CREATED,2020-01-10 08:03:36.284496
44276,53853,16025,STARTED,2020-01-10 06:00:00.000000
44277,53854,16025,CREATED,2020-01-10 08:03:41.771386
44278,53857,16027,STARTED,2020-01-10 06:00:00.000000
44279,53858,16027,CREATED,2020-01-10 08:03:45.221720
44280,53860,16028,STARTED,2020-01-10 06:00:00.000000
44281,53861,16028,CREATED,2020-01-10 08:03:56.862299
44282,53862,16029,STARTED,2020-01-10 06:00:00.000000
44283,53863,16029,CREATED,2020-01-10 08:04:00.196056
44284,53864,16030,STARTED,2020-01-10 06:00:00.000000
44285,53865,16030,CREATED,2020-01-10 08:04:03.530143
44286,53866,16012,AUTO_CLOSED,2020-01-10 08:00:00.000000
44287,53867,16031,STARTED,2020-01-10 06:00:00.000000
44288,53868,16031,CREATED,2020-01-10 08:04:11.918209
44289,53869,16032,STARTED,2020-01-10 06:00:00.000000
44290,53870,16032,CREATED,2020-01-10 08:04:15.202412
44291,53871,16033,STARTED,2020-01-10 06:00:00.000000
44292,53872,16033,CREATED,2020-01-10 08:04:22.526549
44293,53873,16034,STARTED,2020-01-10 06:00:00.000000
44294,53874,16034,CREATED,2020-01-10 08:04:25.947017
44295,53875,16035,STARTED,2020-01-10 06:00:00.000000
44296,53876,16035,CREATED,2020-01-10 08:04:29.393940
44297,53877,16036,STARTED,2020-01-10 06:00:00.000000
44298,53878,16036,CREATED,2020-01-10 08:04:32.635977
44299,53881,16038,STARTED,2020-01-10 06:00:00.000000
44300,53882,16038,CREATED,2020-01-10 08:04:44.201697
44301,53883,16039,STARTED,2020-01-10 06:00:00.000000
44302,53884,16039,CREATED,2020-01-10 08:04:47.622409
44303,53891,16009,AUTO_CLOSED,2020-01-10 09:00:00.000000
44304,53892,16042,STARTED,2020-01-10 07:00:00.000000
44305,53893,16042,CREATED,2020-01-10 09:03:57.970345
44306,53894,15959,AUTO_CLOSED,2020-01-10 09:00:00.000000
44307,53897,16014,AUTO_CLOSED,2020-01-10 09:00:00.000000
44308,53898,16044,STARTED,2020-01-10 07:00:00.000000
44309,53899,16044,CREATED,2020-01-10 09:04:09.310584
44310,53900,16045,STARTED,2020-01-10 07:00:00.000000
44311,53901,16045,CREATED,2020-01-10 09:04:12.886631
44312,53904,15964,AUTO_CLOSED,2020-01-10 09:00:00.000000
44313,53906,16047,STARTED,2020-01-10 07:00:00.000000
44314,53907,16047,CREATED,2020-01-10 09:04:54.657267
44315,53908,16048,STARTED,2020-01-10 07:00:00.000000
44316,53909,16048,CREATED,2020-01-10 09:05:06.293264
44317,53912,16050,STARTED,2020-01-10 07:00:00.000000
44318,53913,16050,CREATED,2020-01-10 09:05:33.302619
44338,53531,15902,AUTO_CLOSED,2020-01-10 02:00:00.000000
44340,53541,15920,CREATED,2020-01-10 02:03:44.897608
44342,53551,15924,CREATED,2020-01-10 02:04:15.573917
44344,53557,15927,CREATED,2020-01-10 02:04:35.774542
44346,53561,15929,CREATED,2020-01-10 02:05:00.313146
44347,53582,15920,AUTO_CLOSED,2020-01-10 03:00:00.000000
44349,53590,15938,CREATED,2020-01-10 03:04:52.481445
44351,53592,15939,CREATED,2020-01-10 03:04:57.943282
44352,53596,15924,AUTO_CLOSED,2020-01-10 03:00:00.000000
44354,53599,15941,CREATED,2020-01-10 03:05:51.744612
44356,53602,15942,CREATED,2020-01-10 03:06:07.579515
44358,53604,15943,CREATED,2020-01-10 03:06:10.986036
44359,53624,15903,AUTO_CLOSED,2020-01-10 04:00:00.000000
44360,53627,15953,STARTED,2020-01-10 02:00:00.000000
44361,53628,15953,CREATED,2020-01-10 04:03:21.086673
44362,53629,15954,STARTED,2020-01-10 02:00:00.000000
44363,53630,15954,CREATED,2020-01-10 04:03:26.857644
44364,53631,15955,STARTED,2020-01-10 02:00:00.000000
44365,53632,15955,CREATED,2020-01-10 04:03:30.227085
44366,53633,15956,STARTED,2020-01-10 02:00:00.000000
44367,53634,15956,CREATED,2020-01-10 04:03:33.618173
44368,53635,15957,STARTED,2020-01-10 02:00:00.000000
44369,53636,15957,CREATED,2020-01-10 04:03:36.963989
44370,53638,15958,STARTED,2020-01-10 02:00:00.000000
44371,53639,15958,CREATED,2020-01-10 04:03:42.579926
44372,53640,15959,STARTED,2020-01-10 02:00:00.000000
44373,53641,15959,CREATED,2020-01-10 04:03:46.314065
44374,53643,15960,STARTED,2020-01-10 02:00:00.000000
44375,53644,15960,CREATED,2020-01-10 04:03:49.816646
44376,53648,15962,STARTED,2020-01-10 02:00:00.000000
44377,53649,15962,CREATED,2020-01-10 04:03:55.443743
44378,53650,15963,STARTED,2020-01-10 02:00:00.000000
44379,53651,15963,CREATED,2020-01-10 04:03:58.940306
44380,53652,15964,STARTED,2020-01-10 02:00:00.000000
44381,53653,15964,CREATED,2020-01-10 04:04:02.401052
44382,53656,15965,STARTED,2020-01-10 02:00:00.000000
44383,53657,15965,CREATED,2020-01-10 04:04:09.608354
44384,53662,15968,STARTED,2020-01-10 02:00:00.000000
44385,53663,15968,CREATED,2020-01-10 04:04:27.717606
44386,53667,15970,STARTED,2020-01-10 02:00:00.000000
44387,53668,15970,CREATED,2020-01-10 04:04:31.202567
44388,53669,15971,STARTED,2020-01-10 02:00:00.000000
44389,53670,15971,CREATED,2020-01-10 04:04:34.996924
44390,53671,15972,STARTED,2020-01-10 02:00:00.000000
44391,53672,15972,CREATED,2020-01-10 04:04:50.850556
44392,53679,15976,STARTED,2020-01-10 02:00:00.000000
44393,53680,15976,CREATED,2020-01-10 04:05:05.214497
44394,53683,15978,STARTED,2020-01-10 02:00:00.000000
44395,53684,15978,CREATED,2020-01-10 04:05:08.880617
44396,53685,15979,STARTED,2020-01-10 02:00:00.000000
44397,53686,15979,CREATED,2020-01-10 04:05:21.070039
44398,53689,15981,STARTED,2020-01-10 02:00:00.000000
44399,53690,15981,CREATED,2020-01-10 04:05:37.226384
44400,53691,15982,STARTED,2020-01-10 02:00:00.000000
44401,53692,15982,CREATED,2020-01-10 04:05:40.559590
44402,53695,15984,STARTED,2020-01-10 02:00:00.000000
44403,53696,15984,CREATED,2020-01-10 04:05:48.374306
44404,53702,15948,AUTO_CLOSED,2020-01-10 05:00:00.000000
44405,53762,15953,AUTO_CLOSED,2020-01-10 06:00:00.000000
44406,53763,15954,AUTO_CLOSED,2020-01-10 06:00:00.000000
44407,53769,15958,AUTO_CLOSED,2020-01-10 06:00:00.000000
44408,53772,15962,AUTO_CLOSED,2020-01-10 06:00:00.000000
44409,53773,16002,STARTED,2020-01-10 04:00:00.000000
44410,53774,16002,CREATED,2020-01-10 06:04:39.623122
44411,53777,16003,STARTED,2020-01-10 04:00:00.000000
44412,53778,16003,CREATED,2020-01-10 06:05:02.047125
44413,53780,16004,STARTED,2020-01-10 04:00:00.000000
44414,53781,16004,CREATED,2020-01-10 06:05:21.354506
44415,53783,15976,AUTO_CLOSED,2020-01-10 06:00:00.000000
44416,53791,15996,AUTO_CLOSED,2020-01-10 06:00:00.000000
44417,53807,16009,STARTED,2020-01-10 05:00:00.000000
44418,53808,16009,CREATED,2020-01-10 07:03:20.374429
44419,53810,16010,STARTED,2020-01-10 05:00:00.000000
44420,53811,16010,CREATED,2020-01-10 07:03:36.992737
44421,53812,16011,STARTED,2020-01-10 05:00:00.000000
44422,53813,16011,CREATED,2020-01-10 07:03:48.347431
44423,53815,15990,AUTO_CLOSED,2020-01-10 07:00:00.000000
44424,53816,16003,AUTO_CLOSED,2020-01-10 07:00:00.000000
44425,53819,16005,AUTO_CLOSED,2020-01-10 08:00:00.000000
44426,53820,16006,AUTO_CLOSED,2020-01-10 08:00:00.000000
44427,53924,16055,STARTED,2020-01-10 08:00:00.000000
44428,53925,16055,CREATED,2020-01-10 10:02:20.462579
44455,53520,15911,CREATED,2020-01-10 02:01:31.368580
44457,53522,15912,CREATED,2020-01-10 02:01:34.951027
44459,53524,15913,CREATED,2020-01-10 02:01:38.293708
44461,53526,15914,CREATED,2020-01-10 02:01:43.528530
44462,53527,15898,AUTO_CLOSED,2020-01-10 02:00:00.000000
44464,53529,15915,CREATED,2020-01-10 02:01:49.676669
44466,53572,15932,CREATED,2020-01-10 03:03:29.688849
44468,53579,15934,CREATED,2020-01-10 03:04:22.781064
44469,53637,15906,AUTO_CLOSED,2020-01-10 04:00:00.000000
44470,53645,15961,STARTED,2020-01-10 02:00:00.000000
44471,53646,15961,CREATED,2020-01-10 04:03:50.991840
44472,53658,15966,STARTED,2020-01-10 02:00:00.000000
44473,53659,15966,CREATED,2020-01-10 04:04:10.531053
44474,53660,15967,STARTED,2020-01-10 02:00:00.000000
44475,53661,15967,CREATED,2020-01-10 04:04:17.356035
44476,53664,15969,STARTED,2020-01-10 02:00:00.000000
44477,53665,15969,CREATED,2020-01-10 04:04:28.862366
44478,53673,15973,STARTED,2020-01-10 02:00:00.000000
44479,53674,15973,CREATED,2020-01-10 04:04:52.092790
44480,53675,15974,STARTED,2020-01-10 02:00:00.000000
44481,53676,15974,CREATED,2020-01-10 04:04:55.525970
44482,53677,15975,STARTED,2020-01-10 02:00:00.000000
44483,53678,15975,CREATED,2020-01-10 04:05:03.126574
44484,53681,15977,STARTED,2020-01-10 02:00:00.000000
44485,53682,15977,CREATED,2020-01-10 04:05:08.582773
44486,53687,15980,STARTED,2020-01-10 02:00:00.000000
44487,53688,15980,CREATED,2020-01-10 04:05:25.327430
44488,53698,15985,STARTED,2020-01-10 03:00:00.000000
44489,53699,15985,CREATED,2020-01-10 05:01:52.222798
44490,53708,15960,AUTO_CLOSED,2020-01-10 05:00:00.000000
44491,53710,15963,AUTO_CLOSED,2020-01-10 05:00:00.000000
44492,53718,15990,STARTED,2020-01-10 03:00:00.000000
44493,53719,15990,CREATED,2020-01-10 05:04:13.811658
44494,53724,15970,AUTO_CLOSED,2020-01-10 05:00:00.000000
44495,53731,15972,AUTO_CLOSED,2020-01-10 05:00:00.000000
44496,53735,15978,AUTO_CLOSED,2020-01-10 05:00:00.000000
44497,53739,15979,AUTO_CLOSED,2020-01-10 05:00:00.000000
44498,53745,15981,AUTO_CLOSED,2020-01-10 05:00:00.000000
44499,53746,15982,AUTO_CLOSED,2020-01-10 05:00:00.000000
44500,53747,15996,STARTED,2020-01-10 03:00:00.000000
44501,53748,15996,CREATED,2020-01-10 05:05:39.150611
44502,53764,16000,STARTED,2020-01-10 04:00:00.000000
44503,53765,16000,CREATED,2020-01-10 06:04:10.569953
44504,53779,15927,AUTO_CLOSED,2020-01-10 06:00:00.000000
44505,53782,15992,AUTO_CLOSED,2020-01-10 06:00:00.000000
44506,53784,15929,AUTO_CLOSED,2020-01-10 06:00:00.000000
44507,53785,15941,AUTO_CLOSED,2020-01-10 06:00:00.000000
44508,53786,15995,AUTO_CLOSED,2020-01-10 06:00:00.000000
44509,53787,15942,AUTO_CLOSED,2020-01-10 06:00:00.000000
44510,53788,15943,AUTO_CLOSED,2020-01-10 06:00:00.000000
44511,53886,16040,STARTED,2020-01-10 07:00:00.000000
44512,53887,16040,CREATED,2020-01-10 09:03:05.895966
44513,53888,16041,STARTED,2020-01-10 07:00:00.000000
44514,53889,16041,CREATED,2020-01-10 09:03:09.418590
44515,53914,16037,AUTO_CLOSED,2020-01-10 09:00:00.000000
44516,53921,15985,AUTO_CLOSED,2020-01-10 10:00:00.000000
44552,53530,15900,AUTO_CLOSED,2020-01-10 02:00:00.000000
44554,53533,15916,CREATED,2020-01-10 02:03:06.133605
44556,53535,15917,CREATED,2020-01-10 02:03:31.918947
44558,53537,15918,CREATED,2020-01-10 02:03:39.384639
44560,53559,15928,CREATED,2020-01-10 02:04:45.472335
44561,53620,15932,AUTO_CLOSED,2020-01-10 04:00:00.000000
44562,53642,15934,AUTO_CLOSED,2020-01-10 04:00:00.000000
44563,53655,15922,AUTO_CLOSED,2020-01-10 04:00:00.000000
44564,53709,15961,AUTO_CLOSED,2020-01-10 05:00:00.000000
44565,53716,15938,AUTO_CLOSED,2020-01-10 05:00:00.000000
44566,53717,15966,AUTO_CLOSED,2020-01-10 05:00:00.000000
44567,53720,15939,AUTO_CLOSED,2020-01-10 05:00:00.000000
44568,53722,15967,AUTO_CLOSED,2020-01-10 05:00:00.000000
44569,53725,15969,AUTO_CLOSED,2020-01-10 05:00:00.000000
44570,53728,15992,STARTED,2020-01-10 03:00:00.000000
44571,53729,15992,CREATED,2020-01-10 05:04:43.970472
44572,53732,15973,AUTO_CLOSED,2020-01-10 05:00:00.000000
44573,53733,15974,AUTO_CLOSED,2020-01-10 05:00:00.000000
44574,53734,15975,AUTO_CLOSED,2020-01-10 05:00:00.000000
44575,53736,15977,AUTO_CLOSED,2020-01-10 05:00:00.000000
44576,53742,15995,STARTED,2020-01-10 03:00:00.000000
44577,53743,15995,CREATED,2020-01-10 05:05:24.075587
44578,53744,15980,AUTO_CLOSED,2020-01-10 05:00:00.000000
44579,53759,15987,AUTO_CLOSED,2020-01-10 06:00:00.000000
44580,53760,15930,AUTO_CLOSED,2020-01-10 06:00:00.000000
44581,53761,15931,AUTO_CLOSED,2020-01-10 06:00:00.000000
44582,53767,16001,STARTED,2020-01-10 04:00:00.000000
44583,53768,16001,CREATED,2020-01-10 06:04:22.993666
44584,53770,15989,AUTO_CLOSED,2020-01-10 06:00:00.000000
44585,53771,15936,AUTO_CLOSED,2020-01-10 06:00:00.000000
44586,53775,15991,AUTO_CLOSED,2020-01-10 06:00:00.000000
44587,53776,15925,AUTO_CLOSED,2020-01-10 06:00:00.000000
44588,53797,15947,AUTO_CLOSED,2020-01-10 07:00:00.000000
44589,53802,16007,STARTED,2020-01-10 05:00:00.000000
44590,53803,16007,CREATED,2020-01-10 07:02:25.934914
44591,53806,15952,AUTO_CLOSED,2020-01-10 07:00:00.000000
44592,53814,15905,AUTO_CLOSED,2020-01-10 07:00:00.000000
44593,53825,16008,AUTO_CLOSED,2020-01-10 08:00:00.000000
44594,53879,16037,STARTED,2020-01-10 06:00:00.000000
44595,53880,16037,CREATED,2020-01-10 08:04:33.529398
44596,53885,16013,AUTO_CLOSED,2020-01-10 09:00:00.000000
44597,53890,15988,AUTO_CLOSED,2020-01-10 09:00:00.000000
44598,53905,16026,AUTO_CLOSED,2020-01-10 09:00:00.000000
44628,53545,15908,AUTO_CLOSED,2020-01-10 02:00:00.000000
44630,53547,15922,CREATED,2020-01-10 02:04:06.886606
44631,53564,15899,AUTO_CLOSED,2020-01-10 03:00:00.000000
44633,53568,15930,CREATED,2020-01-10 03:03:16.574340
44635,53570,15931,CREATED,2020-01-10 03:03:22.306853
44637,53581,15935,CREATED,2020-01-10 03:04:34.621462
44639,53584,15936,CREATED,2020-01-10 03:04:38.380421
44641,53587,15937,CREATED,2020-01-10 03:04:49.864493
44643,53594,15940,CREATED,2020-01-10 03:04:58.198937
44644,53595,15923,AUTO_CLOSED,2020-01-10 03:00:00.000000
44645,53608,15945,STARTED,2020-01-10 02:00:00.000000
44646,53609,15945,CREATED,2020-01-10 04:01:43.247701
44647,53612,15947,STARTED,2020-01-10 02:00:00.000000
44648,53613,15947,CREATED,2020-01-10 04:01:53.413780
44649,53618,15950,STARTED,2020-01-10 02:00:00.000000
44650,53619,15950,CREATED,2020-01-10 04:02:14.336195
44651,53625,15952,STARTED,2020-01-10 02:00:00.000000
44652,53626,15952,CREATED,2020-01-10 04:03:20.887259
44653,53647,15904,AUTO_CLOSED,2020-01-10 04:00:00.000000
44654,53654,15935,AUTO_CLOSED,2020-01-10 04:00:00.000000
44655,53666,15940,AUTO_CLOSED,2020-01-10 04:00:00.000000
44656,53704,15857,AUTO_CLOSED,2020-01-10 05:00:00.000000
44657,53707,15951,AUTO_CLOSED,2020-01-10 05:00:00.000000
44658,53737,15993,STARTED,2020-01-10 03:00:00.000000
44659,53738,15993,CREATED,2020-01-10 05:05:07.971768
44660,53740,15994,STARTED,2020-01-10 03:00:00.000000
44661,53741,15994,CREATED,2020-01-10 05:05:15.836242
44662,53749,15983,AUTO_CLOSED,2020-01-10 05:00:00.000000
44663,53750,15997,STARTED,2020-01-10 03:00:00.000000
44664,53751,15997,CREATED,2020-01-10 05:07:23.300537
44665,53753,15986,AUTO_CLOSED,2020-01-10 06:00:00.000000
44666,53793,16005,STARTED,2020-01-10 05:00:00.000000
44667,53794,16005,CREATED,2020-01-10 07:01:34.118565
44668,53795,15911,AUTO_CLOSED,2020-01-10 07:00:00.000000
44669,53796,15912,AUTO_CLOSED,2020-01-10 07:00:00.000000
44670,53798,15998,AUTO_CLOSED,2020-01-10 07:00:00.000000
44671,53799,15999,AUTO_CLOSED,2020-01-10 07:00:00.000000
44672,53800,16006,STARTED,2020-01-10 05:00:00.000000
44673,53801,16006,CREATED,2020-01-10 07:02:08.831095
44674,53826,16010,AUTO_CLOSED,2020-01-10 08:00:00.000000
44675,53827,16014,STARTED,2020-01-10 06:00:00.000000
44676,53828,16014,CREATED,2020-01-10 08:03:01.024570
44677,53832,16011,AUTO_CLOSED,2020-01-10 08:00:00.000000
44678,53833,16002,AUTO_CLOSED,2020-01-10 08:00:00.000000
44679,53838,15965,AUTO_CLOSED,2020-01-10 08:00:00.000000
44680,53841,16019,STARTED,2020-01-10 06:00:00.000000
44681,53842,16019,CREATED,2020-01-10 08:03:23.108425
44682,53847,16022,STARTED,2020-01-10 06:00:00.000000
44683,53848,16022,CREATED,2020-01-10 08:03:31.190636
44684,53859,16004,AUTO_CLOSED,2020-01-10 08:00:00.000000
44685,53922,16054,STARTED,2020-01-10 08:00:00.000000
44686,53923,16054,CREATED,2020-01-10 10:02:14.420061
44687,53926,15955,AUTO_CLOSED,2020-01-10 10:00:00.000000
44688,53927,15956,AUTO_CLOSED,2020-01-10 10:00:00.000000
44689,53928,16042,AUTO_CLOSED,2020-01-10 10:00:00.000000
44690,53929,16044,AUTO_CLOSED,2020-01-10 10:00:00.000000
44691,53930,16045,AUTO_CLOSED,2020-01-10 10:00:00.000000
44692,53931,16019,AUTO_CLOSED,2020-01-10 10:00:00.000000
44693,53932,16022,AUTO_CLOSED,2020-01-10 10:00:00.000000
44694,53933,15968,AUTO_CLOSED,2020-01-10 10:00:00.000000
44695,53934,15971,AUTO_CLOSED,2020-01-10 10:00:00.000000
44696,53935,16047,AUTO_CLOSED,2020-01-10 10:00:00.000000
44697,53936,16048,AUTO_CLOSED,2020-01-10 10:00:00.000000
44698,53937,16056,STARTED,2020-01-10 08:00:00.000000
44699,53938,16056,CREATED,2020-01-10 10:04:04.735215
44700,53939,16050,AUTO_CLOSED,2020-01-10 10:00:00.000000
44701,53940,16049,AUTO_CLOSED,2020-01-10 10:00:00.000000
44702,53941,15984,AUTO_CLOSED,2020-01-10 10:00:00.000000
44703,53942,16052,AUTO_CLOSED,2020-01-10 10:00:00.000000
44704,53943,16057,STARTED,2020-01-10 08:00:00.000000
44705,53944,16057,CREATED,2020-01-10 10:05:14.771573
44706,53945,16053,AUTO_CLOSED,2020-01-10 10:00:00.000000
44707,53946,16058,STARTED,2020-01-10 08:00:00.000000
44708,53947,16058,CREATED,2020-01-10 10:06:47.955146
44709,53948,16059,STARTED,2020-01-10 09:00:00.000000
44710,53949,16059,CREATED,2020-01-10 11:01:23.177456
44711,53950,16060,STARTED,2020-01-10 09:00:00.000000
44712,53951,16060,CREATED,2020-01-10 11:01:37.052243
44713,53952,16061,STARTED,2020-01-10 09:00:00.000000
44714,53953,16061,CREATED,2020-01-10 11:01:40.097104
44715,53954,16062,STARTED,2020-01-10 09:00:00.000000
44716,53955,16062,CREATED,2020-01-10 11:02:12.312451
44717,53956,16054,AUTO_CLOSED,2020-01-10 11:00:00.000000
44718,53957,15957,AUTO_CLOSED,2020-01-10 11:00:00.000000
44719,53958,16016,AUTO_CLOSED,2020-01-10 11:00:00.000000
44720,53959,16063,STARTED,2020-01-10 09:00:00.000000
44721,53960,16063,CREATED,2020-01-10 11:04:14.523183
44722,53961,16064,STARTED,2020-01-10 09:00:00.000000
44723,53962,16064,CREATED,2020-01-10 11:04:37.037305
44724,53963,16057,AUTO_CLOSED,2020-01-10 11:00:00.000000
44725,53964,16060,AUTO_CLOSED,2020-01-10 12:00:00.000000
44726,53965,16065,STARTED,2020-01-10 10:00:00.000000
44727,53966,16065,CREATED,2020-01-10 12:02:04.842224
44728,53967,16062,AUTO_CLOSED,2020-01-10 12:00:00.000000
44729,53968,16066,STARTED,2020-01-10 10:00:00.000000
44730,53969,16066,CREATED,2020-01-10 12:03:04.649368
44731,53970,16067,STARTED,2020-01-10 10:00:00.000000
44732,53971,16067,CREATED,2020-01-10 12:03:33.004677
44733,53972,16068,STARTED,2020-01-10 10:00:00.000000
44734,53973,16068,CREATED,2020-01-10 12:03:56.531014
44735,53974,16046,AUTO_CLOSED,2020-01-10 12:00:00.000000
44736,53975,16069,STARTED,2020-01-10 10:00:00.000000
44737,53976,16069,CREATED,2020-01-10 12:04:16.609402
44738,53977,16023,AUTO_CLOSED,2020-01-10 12:00:00.000000
44739,53978,16025,AUTO_CLOSED,2020-01-10 12:00:00.000000
44740,53979,16027,AUTO_CLOSED,2020-01-10 12:00:00.000000
44741,53980,16063,AUTO_CLOSED,2020-01-10 12:00:00.000000
44742,53981,16028,AUTO_CLOSED,2020-01-10 12:00:00.000000
44743,53982,16029,AUTO_CLOSED,2020-01-10 12:00:00.000000
44744,53983,16064,AUTO_CLOSED,2020-01-10 12:00:00.000000
44745,53984,16032,AUTO_CLOSED,2020-01-10 12:00:00.000000
44746,53985,16034,AUTO_CLOSED,2020-01-10 12:00:00.000000
44747,53986,16035,AUTO_CLOSED,2020-01-10 12:00:00.000000
44748,53987,16036,AUTO_CLOSED,2020-01-10 12:00:00.000000
44749,53988,16051,AUTO_CLOSED,2020-01-10 12:00:00.000000
44750,53989,16059,AUTO_CLOSED,2020-01-10 13:00:00.000000
44751,53990,16061,AUTO_CLOSED,2020-01-10 13:00:00.000000
44752,53991,16065,AUTO_CLOSED,2020-01-10 13:00:00.000000
44753,53992,16070,STARTED,2020-01-10 11:00:00.000000
44754,53993,16070,CREATED,2020-01-10 13:02:31.191906
44755,53994,16066,AUTO_CLOSED,2020-01-10 13:00:00.000000
44756,53995,16067,AUTO_CLOSED,2020-01-10 13:00:00.000000
44757,53998,16068,AUTO_CLOSED,2020-01-10 13:00:00.000000
44758,54014,16072,STARTED,2020-01-10 12:00:00.000000
44759,54015,16072,CREATED,2020-01-10 14:04:22.903199
44760,54016,16073,STARTED,2020-01-10 12:00:00.000000
44761,54017,16073,CREATED,2020-01-10 14:04:38.944389
44762,54018,15945,AUTO_CLOSED,2020-01-10 15:00:00.000000
44763,53996,16043,AUTO_CLOSED,2020-01-10 13:00:00.000000
44764,53997,16015,AUTO_CLOSED,2020-01-10 13:00:00.000000
44765,54000,16017,AUTO_CLOSED,2020-01-10 13:00:00.000000
44766,54001,16018,AUTO_CLOSED,2020-01-10 13:00:00.000000
44767,54002,16020,AUTO_CLOSED,2020-01-10 13:00:00.000000
44768,54003,16021,AUTO_CLOSED,2020-01-10 13:00:00.000000
44769,54004,16024,AUTO_CLOSED,2020-01-10 13:00:00.000000
44770,54005,16030,AUTO_CLOSED,2020-01-10 13:00:00.000000
44771,54006,16031,AUTO_CLOSED,2020-01-10 13:00:00.000000
44772,54007,16033,AUTO_CLOSED,2020-01-10 13:00:00.000000
44773,54008,16038,AUTO_CLOSED,2020-01-10 13:00:00.000000
44774,54009,16039,AUTO_CLOSED,2020-01-10 13:00:00.000000
44775,54022,16040,AUTO_CLOSED,2020-01-10 15:00:00.000000
44776,54023,16041,AUTO_CLOSED,2020-01-10 15:00:00.000000
44777,54056,16090,STARTED,2020-01-10 14:00:00.000000
44778,54057,16090,CREATED,2020-01-10 16:04:03.175845
44779,54058,16091,STARTED,2020-01-10 14:00:00.000000
44780,54059,16091,CREATED,2020-01-10 16:04:19.254852
44781,54071,16097,STARTED,2020-01-10 14:00:00.000000
44782,54072,16097,CREATED,2020-01-10 16:06:21.911913
44783,53999,16069,AUTO_CLOSED,2020-01-10 13:00:00.000000
44784,54012,16055,AUTO_CLOSED,2020-01-10 14:00:00.000000
44785,54019,16074,STARTED,2020-01-10 13:00:00.000000
44786,54020,16074,CREATED,2020-01-10 15:02:02.339501
44787,54038,16081,STARTED,2020-01-10 14:00:00.000000
44788,54039,16081,CREATED,2020-01-10 16:02:18.431592
44789,54040,16082,STARTED,2020-01-10 14:00:00.000000
44790,54041,16082,CREATED,2020-01-10 16:02:21.824193
44791,54042,16083,STARTED,2020-01-10 14:00:00.000000
44792,54043,16083,CREATED,2020-01-10 16:03:11.142148
44793,54044,16084,STARTED,2020-01-10 14:00:00.000000
44794,54045,16084,CREATED,2020-01-10 16:03:43.586565
44795,54046,16085,STARTED,2020-01-10 14:00:00.000000
44796,54047,16085,CREATED,2020-01-10 16:03:47.044060
44797,54048,16086,STARTED,2020-01-10 14:00:00.000000
44798,54049,16086,CREATED,2020-01-10 16:03:50.239590
44799,54050,16087,STARTED,2020-01-10 14:00:00.000000
44800,54051,16087,CREATED,2020-01-10 16:03:53.762336
44801,54052,16088,STARTED,2020-01-10 14:00:00.000000
44802,54053,16088,CREATED,2020-01-10 16:03:57.127682
44803,54054,16089,STARTED,2020-01-10 14:00:00.000000
44804,54055,16089,CREATED,2020-01-10 16:04:00.422457
44805,54060,16092,STARTED,2020-01-10 14:00:00.000000
44806,54061,16092,CREATED,2020-01-10 16:04:21.479884
44807,54062,16093,STARTED,2020-01-10 14:00:00.000000
44808,54063,16093,CREATED,2020-01-10 16:04:24.778279
44809,54065,16094,STARTED,2020-01-10 14:00:00.000000
44810,54066,16094,CREATED,2020-01-10 16:04:52.047037
44811,54067,16095,STARTED,2020-01-10 14:00:00.000000
44812,54068,16095,CREATED,2020-01-10 16:05:01.461026
44813,54069,16096,STARTED,2020-01-10 14:00:00.000000
44814,54070,16096,CREATED,2020-01-10 16:05:12.181154
44815,54010,16071,STARTED,2020-01-10 12:00:00.000000
44816,54011,16071,CREATED,2020-01-10 14:01:59.105564
44817,54025,16075,STARTED,2020-01-10 13:00:00.000000
44818,54026,16075,CREATED,2020-01-10 15:04:52.089299
44819,54027,16076,STARTED,2020-01-10 13:00:00.000000
44820,54028,16076,CREATED,2020-01-10 15:05:36.267915
44821,54064,16078,AUTO_CLOSED,2020-01-10 16:00:00.000000
44822,54013,16070,AUTO_CLOSED,2020-01-10 14:00:00.000000
44823,54024,15883,AUTO_CLOSED,2020-01-10 15:00:00.000000
44824,54031,16078,STARTED,2020-01-10 13:00:00.000000
44825,54032,16078,CREATED,2020-01-10 15:05:46.702503
44826,54036,16080,STARTED,2020-01-10 14:00:00.000000
44827,54037,16080,CREATED,2020-01-10 16:01:51.383922
44828,54021,16071,AUTO_CLOSED,2020-01-10 15:00:00.000000
44829,54029,16077,STARTED,2020-01-10 13:00:00.000000
44830,54030,16077,CREATED,2020-01-10 15:05:42.642754
44831,54033,16074,AUTO_CLOSED,2020-01-10 16:00:00.000000
44832,54034,16079,STARTED,2020-01-10 14:00:00.000000
44833,54035,16079,CREATED,2020-01-10 16:01:43.337141
44834,54073,16098,STARTED,2020-01-10 15:00:00.000000
44835,54074,16098,CREATED,2020-01-10 17:02:31.844633
44836,54075,16079,AUTO_CLOSED,2020-01-10 17:00:00.000000
44837,54076,16080,AUTO_CLOSED,2020-01-10 17:00:00.000000
44838,54077,16083,AUTO_CLOSED,2020-01-10 17:00:00.000000
44839,54078,16099,STARTED,2020-01-10 15:00:00.000000
44840,54079,16099,CREATED,2020-01-10 17:04:45.510025
44841,54080,16100,STARTED,2020-01-10 15:00:00.000000
44842,54081,16100,CREATED,2020-01-10 17:04:48.785267
44843,54082,16101,STARTED,2020-01-10 15:00:00.000000
44844,54083,16101,CREATED,2020-01-10 17:04:58.656999
44845,54084,16084,AUTO_CLOSED,2020-01-10 17:00:00.000000
44846,54085,16085,AUTO_CLOSED,2020-01-10 17:00:00.000000
44847,54086,16086,AUTO_CLOSED,2020-01-10 17:00:00.000000
44848,54087,16090,AUTO_CLOSED,2020-01-10 17:00:00.000000
44849,54088,16087,AUTO_CLOSED,2020-01-10 17:00:00.000000
44850,54089,16088,AUTO_CLOSED,2020-01-10 17:00:00.000000
44851,54090,16102,STARTED,2020-01-10 15:00:00.000000
44852,54091,16102,CREATED,2020-01-10 17:05:23.091991
44853,54092,16091,AUTO_CLOSED,2020-01-10 17:00:00.000000
44854,54093,15909,AUTO_CLOSED,2020-01-10 17:00:00.000000
44855,54094,16103,STARTED,2020-01-10 15:00:00.000000
44856,54095,16103,CREATED,2020-01-10 17:05:50.819306
44857,54096,16104,STARTED,2020-01-10 15:00:00.000000
44858,54097,16104,CREATED,2020-01-10 17:05:54.058432
44859,54098,16105,STARTED,2020-01-10 15:00:00.000000
44860,54099,16105,CREATED,2020-01-10 17:06:01.480728
44861,54100,16106,STARTED,2020-01-10 15:00:00.000000
44862,54101,16106,CREATED,2020-01-10 17:06:06.873510
44863,54102,16107,STARTED,2020-01-10 15:00:00.000000
44864,54103,16107,CREATED,2020-01-10 17:06:23.699768
44865,54104,16097,AUTO_CLOSED,2020-01-10 17:00:00.000000
44866,54105,16098,AUTO_CLOSED,2020-01-10 18:00:00.000000
44867,54106,16108,STARTED,2020-01-10 16:00:00.000000
44868,54107,16108,CREATED,2020-01-10 18:04:00.557889
44869,54108,16109,STARTED,2020-01-10 16:00:00.000000
44870,54109,16109,CREATED,2020-01-10 18:04:06.311285
44871,54110,16110,STARTED,2020-01-10 16:00:00.000000
44872,54111,16110,CREATED,2020-01-10 18:04:17.602086
44873,54112,16111,STARTED,2020-01-10 16:00:00.000000
44874,54113,16111,CREATED,2020-01-10 18:05:53.663773
44875,54114,16112,STARTED,2020-01-10 16:00:00.000000
44876,54115,16112,CREATED,2020-01-10 18:06:12.364913
44877,54116,16113,STARTED,2020-01-10 16:00:00.000000
44878,54117,16113,CREATED,2020-01-10 18:06:22.425746
44879,54118,16114,STARTED,2020-01-10 16:00:00.000000
44880,54119,16114,CREATED,2020-01-10 18:06:33.158635
44881,54120,16115,STARTED,2020-01-10 16:00:00.000000
44882,54121,16115,CREATED,2020-01-10 18:06:36.458736
44883,54122,16116,STARTED,2020-01-10 16:00:00.000000
44884,54123,16116,CREATED,2020-01-10 18:06:39.857038
44885,54124,16117,STARTED,2020-01-10 16:00:00.000000
44886,54125,16117,CREATED,2020-01-10 18:06:43.150917
44887,54126,16101,AUTO_CLOSED,2020-01-10 18:00:00.000000
44888,54127,16075,AUTO_CLOSED,2020-01-10 18:00:00.000000
44889,54128,16118,STARTED,2020-01-10 16:00:00.000000
44890,54129,16118,CREATED,2020-01-10 18:07:22.744103
44891,54130,16119,STARTED,2020-01-10 16:00:00.000000
44892,54131,16119,CREATED,2020-01-10 18:07:26.174327
44893,54132,16120,STARTED,2020-01-10 16:00:00.000000
44894,54133,16120,CREATED,2020-01-10 18:07:29.462228
44895,54134,16077,AUTO_CLOSED,2020-01-10 18:00:00.000000
44896,54135,16094,AUTO_CLOSED,2020-01-10 18:00:00.000000
44897,54136,16073,AUTO_CLOSED,2020-01-10 18:00:00.000000
44898,54137,16121,STARTED,2020-01-10 16:00:00.000000
44899,54138,16121,CREATED,2020-01-10 18:08:12.984344
44900,54139,16122,STARTED,2020-01-10 16:00:00.000000
44901,54140,16122,CREATED,2020-01-10 18:08:20.813860
44902,54141,16123,STARTED,2020-01-10 16:00:00.000000
44903,54142,16123,CREATED,2020-01-10 18:08:41.173578
44904,54143,16108,AUTO_CLOSED,2020-01-10 19:00:00.000000
44905,54144,16109,AUTO_CLOSED,2020-01-10 19:00:00.000000
44906,54145,16110,AUTO_CLOSED,2020-01-10 19:00:00.000000
44907,54146,16124,STARTED,2020-01-10 17:00:00.000000
44908,54147,16124,CREATED,2020-01-10 19:03:08.039141
44909,54148,16125,STARTED,2020-01-10 17:00:00.000000
44910,54149,16125,CREATED,2020-01-10 19:03:38.701713
44911,54150,16081,AUTO_CLOSED,2020-01-10 19:00:00.000000
44912,54151,16082,AUTO_CLOSED,2020-01-10 19:00:00.000000
44913,54152,16126,STARTED,2020-01-10 17:00:00.000000
44914,54153,16126,CREATED,2020-01-10 19:04:19.137067
44915,54154,16112,AUTO_CLOSED,2020-01-10 19:00:00.000000
44916,54155,16099,AUTO_CLOSED,2020-01-10 19:00:00.000000
44917,54156,16127,STARTED,2020-01-10 17:00:00.000000
44918,54157,16127,CREATED,2020-01-10 19:05:03.059583
44919,54158,16114,AUTO_CLOSED,2020-01-10 19:00:00.000000
44920,54159,16115,AUTO_CLOSED,2020-01-10 19:00:00.000000
44921,54160,16116,AUTO_CLOSED,2020-01-10 19:00:00.000000
44922,54161,16117,AUTO_CLOSED,2020-01-10 19:00:00.000000
44923,54162,16089,AUTO_CLOSED,2020-01-10 19:00:00.000000
44924,54163,16128,STARTED,2020-01-10 17:00:00.000000
44925,54164,16128,CREATED,2020-01-10 19:05:37.331347
44926,54165,16129,STARTED,2020-01-10 17:00:00.000000
44927,54166,16129,CREATED,2020-01-10 19:05:50.104001
44928,54167,16056,AUTO_CLOSED,2020-01-10 19:00:00.000000
44929,54168,16096,AUTO_CLOSED,2020-01-10 19:00:00.000000
44930,54169,16058,AUTO_CLOSED,2020-01-10 19:00:00.000000
44931,54170,16130,STARTED,2020-01-10 18:00:00.000000
44932,54171,16130,CREATED,2020-01-10 20:02:55.633884
44933,54172,16124,AUTO_CLOSED,2020-01-10 20:00:00.000000
44934,54173,16131,STARTED,2020-01-10 18:00:00.000000
44935,54174,16131,CREATED,2020-01-10 20:03:48.028410
44936,54175,16132,STARTED,2020-01-10 18:00:00.000000
44937,54176,16132,CREATED,2020-01-10 20:03:59.917843
44938,54177,16133,STARTED,2020-01-10 18:00:00.000000
44939,54178,16133,CREATED,2020-01-10 20:04:04.418704
44940,54179,16111,AUTO_CLOSED,2020-01-10 20:00:00.000000
44941,54180,16134,STARTED,2020-01-10 18:00:00.000000
44942,54181,16134,CREATED,2020-01-10 20:04:48.038987
44943,54182,16100,AUTO_CLOSED,2020-01-10 20:00:00.000000
44944,54183,16113,AUTO_CLOSED,2020-01-10 20:00:00.000000
44945,54184,16127,AUTO_CLOSED,2020-01-10 20:00:00.000000
44946,54185,16135,STARTED,2020-01-10 18:00:00.000000
44947,54186,16135,CREATED,2020-01-10 20:05:24.955606
44948,54187,16128,AUTO_CLOSED,2020-01-10 20:00:00.000000
44949,54188,16103,AUTO_CLOSED,2020-01-10 20:00:00.000000
44950,54189,16120,AUTO_CLOSED,2020-01-10 20:00:00.000000
44951,54190,16129,AUTO_CLOSED,2020-01-10 20:00:00.000000
44952,54191,16093,AUTO_CLOSED,2020-01-10 20:00:00.000000
44953,54192,16092,AUTO_CLOSED,2020-01-10 20:00:00.000000
44954,54193,16105,AUTO_CLOSED,2020-01-10 20:00:00.000000
44955,54194,16104,AUTO_CLOSED,2020-01-10 20:00:00.000000
44956,54195,16136,STARTED,2020-01-10 18:00:00.000000
44957,54196,16136,CREATED,2020-01-10 20:06:14.190558
44958,54197,16107,AUTO_CLOSED,2020-01-10 20:00:00.000000
44959,54198,16095,AUTO_CLOSED,2020-01-10 20:00:00.000000
44960,54199,16121,AUTO_CLOSED,2020-01-10 20:00:00.000000
44961,54200,16122,AUTO_CLOSED,2020-01-10 20:00:00.000000
44962,54201,16137,STARTED,2020-01-10 19:00:00.000000
44963,54202,16137,CREATED,2020-01-10 21:04:03.876794
44964,54203,16130,AUTO_CLOSED,2020-01-10 21:00:00.000000
44965,54204,16125,AUTO_CLOSED,2020-01-10 21:00:00.000000
44966,54205,16131,AUTO_CLOSED,2020-01-10 21:00:00.000000
44967,54206,16138,STARTED,2020-01-10 19:00:00.000000
44968,54207,16138,CREATED,2020-01-10 21:05:18.004748
44969,54208,16139,STARTED,2020-01-10 19:00:00.000000
44970,54209,16139,CREATED,2020-01-10 21:05:40.271035
44971,54210,16126,AUTO_CLOSED,2020-01-10 21:00:00.000000
44972,54211,16140,STARTED,2020-01-10 19:00:00.000000
44973,54212,16140,CREATED,2020-01-10 21:06:21.789472
44974,54213,16134,AUTO_CLOSED,2020-01-10 21:00:00.000000
44975,54214,16102,AUTO_CLOSED,2020-01-10 21:00:00.000000
44976,54215,16118,AUTO_CLOSED,2020-01-10 21:00:00.000000
44977,54216,16119,AUTO_CLOSED,2020-01-10 21:00:00.000000
44978,54217,16141,STARTED,2020-01-10 19:00:00.000000
44979,54218,16141,CREATED,2020-01-10 21:07:19.280274
44980,54219,16142,STARTED,2020-01-10 19:00:00.000000
44981,54220,16142,CREATED,2020-01-10 21:07:20.302765
44982,54221,16106,AUTO_CLOSED,2020-01-10 21:00:00.000000
44983,54222,16123,AUTO_CLOSED,2020-01-10 21:00:00.000000
44984,54223,16132,AUTO_CLOSED,2020-01-10 22:00:00.000000
44985,54224,16139,AUTO_CLOSED,2020-01-10 22:00:00.000000
44986,54276,16154,AUTO_CLOSED,2020-01-11 00:00:00.000000
44987,54277,16160,STARTED,2020-01-10 22:00:00.000000
44988,54278,16160,CREATED,2020-01-11 00:05:34.105617
44989,54279,16161,STARTED,2020-01-10 22:00:00.000000
44990,54280,16161,CREATED,2020-01-11 00:06:10.305143
44991,54283,16147,AUTO_CLOSED,2020-01-11 00:00:00.000000
44992,54284,16156,AUTO_CLOSED,2020-01-11 00:00:00.000000
44993,54297,16160,AUTO_CLOSED,2020-01-11 01:00:00.000000
44994,54301,16151,AUTO_CLOSED,2020-01-11 02:00:00.000000
44995,54314,16172,STARTED,2020-01-11 01:00:00.000000
44996,54315,16172,CREATED,2020-01-11 03:03:15.904366
44997,54317,16173,STARTED,2020-01-11 01:00:00.000000
44998,54318,16173,CREATED,2020-01-11 03:05:11.317076
44999,54321,16174,STARTED,2020-01-11 01:00:00.000000
45000,54322,16174,CREATED,2020-01-11 03:05:28.493505
45001,54325,16176,STARTED,2020-01-11 01:00:00.000000
45002,54326,16176,CREATED,2020-01-11 03:05:38.085218
45003,54327,16177,STARTED,2020-01-11 01:00:00.000000
45004,54328,16177,CREATED,2020-01-11 03:05:41.466508
45005,54329,16178,STARTED,2020-01-11 01:00:00.000000
45006,54330,16178,CREATED,2020-01-11 03:05:44.583778
45007,54331,16179,STARTED,2020-01-11 01:00:00.000000
45008,54332,16179,CREATED,2020-01-11 03:05:47.920685
45009,54333,16180,STARTED,2020-01-11 01:00:00.000000
45010,54334,16180,CREATED,2020-01-11 03:05:51.339037
45011,54335,16181,STARTED,2020-01-11 01:00:00.000000
45012,54336,16181,CREATED,2020-01-11 03:05:58.642910
45013,54341,16183,STARTED,2020-01-11 01:00:00.000000
45014,54342,16183,CREATED,2020-01-11 03:06:04.074062
45015,54350,16187,STARTED,2020-01-11 02:00:00.000000
45016,54351,16187,CREATED,2020-01-11 04:04:00.989407
45017,54354,16189,STARTED,2020-01-11 02:00:00.000000
45018,54355,16189,CREATED,2020-01-11 04:04:15.488123
45019,54358,16190,STARTED,2020-01-11 02:00:00.000000
45020,54359,16190,CREATED,2020-01-11 04:04:25.296764
45021,54360,16191,STARTED,2020-01-11 02:00:00.000000
45022,54361,16191,CREATED,2020-01-11 04:04:41.136637
45023,54362,16184,AUTO_CLOSED,2020-01-11 04:00:00.000000
45024,54363,16192,STARTED,2020-01-11 02:00:00.000000
45025,54364,16192,CREATED,2020-01-11 04:05:25.329465
45026,54366,16193,STARTED,2020-01-11 02:00:00.000000
45027,54367,16193,CREATED,2020-01-11 04:06:01.678031
45028,54407,16210,STARTED,2020-01-11 04:00:00.000000
45029,54408,16210,CREATED,2020-01-11 06:05:50.196042
45030,54411,16197,AUTO_CLOSED,2020-01-11 06:00:00.000000
45031,54417,16214,STARTED,2020-01-11 04:00:00.000000
45032,54418,16214,CREATED,2020-01-11 06:06:23.293899
45033,54421,16203,AUTO_CLOSED,2020-01-11 06:00:00.000000
45034,54422,16181,AUTO_CLOSED,2020-01-11 06:00:00.000000
45035,54492,16187,AUTO_CLOSED,2020-01-11 08:00:00.000000
45036,54493,16219,AUTO_CLOSED,2020-01-11 08:00:00.000000
45037,54496,16222,AUTO_CLOSED,2020-01-11 08:00:00.000000
45038,54499,16242,STARTED,2020-01-11 06:00:00.000000
45039,54500,16242,CREATED,2020-01-11 08:04:46.710389
45040,54506,16245,STARTED,2020-01-11 06:00:00.000000
45041,54507,16245,CREATED,2020-01-11 08:04:56.812726
45042,54511,16227,AUTO_CLOSED,2020-01-11 08:00:00.000000
45043,54517,16230,AUTO_CLOSED,2020-01-11 08:00:00.000000
45044,54532,16192,AUTO_CLOSED,2020-01-11 08:00:00.000000
45045,54537,16258,STARTED,2020-01-11 06:00:00.000000
45046,54538,16258,CREATED,2020-01-11 08:06:12.313111
45047,54556,16267,STARTED,2020-01-11 07:00:00.000000
45048,54557,16267,CREATED,2020-01-11 09:03:38.156613
45049,54558,16268,STARTED,2020-01-11 07:00:00.000000
45050,54559,16268,CREATED,2020-01-11 09:03:53.921473
45051,54560,16269,STARTED,2020-01-11 07:00:00.000000
45052,54561,16269,CREATED,2020-01-11 09:04:31.442775
45053,54562,16270,STARTED,2020-01-11 07:00:00.000000
45054,54563,16270,CREATED,2020-01-11 09:05:14.882536
45055,54568,16273,STARTED,2020-01-11 07:00:00.000000
45056,54569,16273,CREATED,2020-01-11 09:05:49.025170
45057,54570,16274,STARTED,2020-01-11 07:00:00.000000
45058,54571,16274,CREATED,2020-01-11 09:05:54.585650
45059,54574,16276,STARTED,2020-01-11 07:00:00.000000
45060,54575,16276,CREATED,2020-01-11 09:06:06.561749
45061,54576,16277,STARTED,2020-01-11 07:00:00.000000
45062,54577,16277,CREATED,2020-01-11 09:06:12.055159
45063,54580,16279,STARTED,2020-01-11 07:00:00.000000
45064,54581,16279,CREATED,2020-01-11 09:06:17.454255
45065,54584,16281,STARTED,2020-01-11 07:00:00.000000
45066,54585,16281,CREATED,2020-01-11 09:06:24.851225
45067,54586,16282,STARTED,2020-01-11 07:00:00.000000
45068,54587,16282,CREATED,2020-01-11 09:06:28.265401
45069,54588,16283,STARTED,2020-01-11 07:00:00.000000
45070,54589,16283,CREATED,2020-01-11 09:06:40.894202
45071,54592,16285,STARTED,2020-01-11 07:00:00.000000
45072,54593,16285,CREATED,2020-01-11 09:06:44.156566
45073,54594,16286,STARTED,2020-01-11 07:00:00.000000
45074,54595,16286,CREATED,2020-01-11 09:06:47.531257
45075,54657,16241,AUTO_CLOSED,2020-01-11 11:00:00.000000
45076,54671,16287,AUTO_CLOSED,2020-01-11 11:00:00.000000
45077,54687,16305,AUTO_CLOSED,2020-01-11 12:00:00.000000
45078,54688,16316,STARTED,2020-01-11 10:00:00.000000
45079,54689,16316,CREATED,2020-01-11 12:06:27.062310
45080,54690,16275,AUTO_CLOSED,2020-01-11 12:00:00.000000
45081,54692,16317,STARTED,2020-01-11 10:00:00.000000
45082,54693,16317,CREATED,2020-01-11 12:06:38.829325
45083,54699,16319,STARTED,2020-01-11 10:00:00.000000
45084,54700,16319,CREATED,2020-01-11 12:06:53.517497
45085,54702,16320,STARTED,2020-01-11 10:00:00.000000
45086,54703,16320,CREATED,2020-01-11 12:07:00.296697
45087,54704,16298,AUTO_CLOSED,2020-01-11 12:00:00.000000
45088,54705,16321,STARTED,2020-01-11 10:00:00.000000
45089,54706,16321,CREATED,2020-01-11 12:07:26.700052
45090,54707,16310,AUTO_CLOSED,2020-01-11 12:00:00.000000
45091,54708,16300,AUTO_CLOSED,2020-01-11 12:00:00.000000
45092,54712,16302,AUTO_CLOSED,2020-01-11 13:00:00.000000
45093,54715,16270,AUTO_CLOSED,2020-01-11 13:00:00.000000
45094,54723,16296,AUTO_CLOSED,2020-01-11 13:00:00.000000
45095,54726,16326,STARTED,2020-01-11 11:00:00.000000
45096,54727,16326,CREATED,2020-01-11 13:05:05.690752
45097,54729,16279,AUTO_CLOSED,2020-01-11 13:00:00.000000
45098,54731,16177,AUTO_CLOSED,2020-01-11 13:00:00.000000
45099,54732,16282,AUTO_CLOSED,2020-01-11 13:00:00.000000
45100,54735,16180,AUTO_CLOSED,2020-01-11 13:00:00.000000
45101,54757,16335,STARTED,2020-01-11 12:00:00.000000
45102,54758,16335,CREATED,2020-01-11 14:03:31.562855
45103,54759,16323,AUTO_CLOSED,2020-01-11 14:00:00.000000
45104,54818,16238,AUTO_CLOSED,2020-01-11 15:00:00.000000
45105,54819,16239,AUTO_CLOSED,2020-01-11 15:00:00.000000
45106,54822,16271,AUTO_CLOSED,2020-01-11 15:00:00.000000
45107,54839,16338,AUTO_CLOSED,2020-01-11 15:00:00.000000
45108,54840,16339,AUTO_CLOSED,2020-01-11 15:00:00.000000
45109,54845,16340,AUTO_CLOSED,2020-01-11 15:00:00.000000
45110,54847,16343,AUTO_CLOSED,2020-01-11 15:00:00.000000
45111,54848,16344,AUTO_CLOSED,2020-01-11 15:00:00.000000
45112,54225,16133,AUTO_CLOSED,2020-01-10 22:00:00.000000
45113,54239,16148,STARTED,2020-01-10 21:00:00.000000
45114,54240,16148,CREATED,2020-01-10 23:02:19.500260
45115,54247,16152,STARTED,2020-01-10 21:00:00.000000
45116,54248,16152,CREATED,2020-01-10 23:03:50.428050
45117,54249,16153,STARTED,2020-01-10 21:00:00.000000
45118,54250,16153,CREATED,2020-01-10 23:04:02.295615
45119,54274,16159,STARTED,2020-01-10 22:00:00.000000
45120,54275,16159,CREATED,2020-01-11 00:05:29.666932
45121,54281,16142,AUTO_CLOSED,2020-01-11 00:00:00.000000
45122,54285,16162,STARTED,2020-01-10 22:00:00.000000
45123,54286,16162,CREATED,2020-01-11 00:08:44.736457
45124,54298,16167,STARTED,2020-01-10 23:00:00.000000
45125,54299,16167,CREATED,2020-01-11 01:07:26.713433
45126,54306,16169,STARTED,2020-01-11 00:00:00.000000
45127,54307,16169,CREATED,2020-01-11 02:04:13.058696
45128,54308,16170,STARTED,2020-01-11 00:00:00.000000
45129,54309,16170,CREATED,2020-01-11 02:04:40.928203
45130,54310,16171,STARTED,2020-01-11 00:00:00.000000
45131,54311,16171,CREATED,2020-01-11 02:04:46.267551
45132,54312,16161,AUTO_CLOSED,2020-01-11 02:00:00.000000
45133,54368,16157,AUTO_CLOSED,2020-01-11 04:00:00.000000
45134,54369,16162,AUTO_CLOSED,2020-01-11 04:00:00.000000
45135,54376,16197,STARTED,2020-01-11 03:00:00.000000
45136,54377,16197,CREATED,2020-01-11 05:04:17.865664
45137,54387,16178,AUTO_CLOSED,2020-01-11 05:00:00.000000
45138,54391,16203,STARTED,2020-01-11 03:00:00.000000
45139,54392,16203,CREATED,2020-01-11 05:04:45.001656
45140,54412,16195,AUTO_CLOSED,2020-01-11 06:00:00.000000
45141,54419,16198,AUTO_CLOSED,2020-01-11 06:00:00.000000
45142,54420,16199,AUTO_CLOSED,2020-01-11 06:00:00.000000
45143,54423,16202,AUTO_CLOSED,2020-01-11 06:00:00.000000
45144,54424,16182,AUTO_CLOSED,2020-01-11 06:00:00.000000
45145,54425,16204,AUTO_CLOSED,2020-01-11 06:00:00.000000
45146,54428,16206,AUTO_CLOSED,2020-01-11 06:00:00.000000
45147,54429,16207,AUTO_CLOSED,2020-01-11 06:00:00.000000
45148,54430,16208,AUTO_CLOSED,2020-01-11 06:00:00.000000
45149,54431,16186,AUTO_CLOSED,2020-01-11 06:00:00.000000
45150,54432,16209,AUTO_CLOSED,2020-01-11 06:00:00.000000
45151,54446,16221,STARTED,2020-01-11 05:00:00.000000
45152,54447,16221,CREATED,2020-01-11 07:04:34.139299
45153,54449,16212,AUTO_CLOSED,2020-01-11 07:00:00.000000
45154,54453,16213,AUTO_CLOSED,2020-01-11 07:00:00.000000
45155,54454,16223,STARTED,2020-01-11 05:00:00.000000
45156,54455,16223,CREATED,2020-01-11 07:04:51.013125
45157,54457,16224,STARTED,2020-01-11 05:00:00.000000
45158,54458,16224,CREATED,2020-01-11 07:04:56.428506
45159,54459,16225,STARTED,2020-01-11 05:00:00.000000
45160,54460,16225,CREATED,2020-01-11 07:04:59.639944
45161,54468,16229,STARTED,2020-01-11 05:00:00.000000
45162,54469,16229,CREATED,2020-01-11 07:05:13.272785
45163,54472,16231,STARTED,2020-01-11 05:00:00.000000
45164,54473,16231,CREATED,2020-01-11 07:05:24.692434
45165,54474,16232,STARTED,2020-01-11 05:00:00.000000
45166,54475,16232,CREATED,2020-01-11 07:05:36.168643
45167,54476,16233,STARTED,2020-01-11 05:00:00.000000
45168,54477,16233,CREATED,2020-01-11 07:05:39.556885
45169,54478,16234,STARTED,2020-01-11 05:00:00.000000
45170,54479,16234,CREATED,2020-01-11 07:05:46.947299
45171,54480,16235,STARTED,2020-01-11 05:00:00.000000
45172,54481,16235,CREATED,2020-01-11 07:05:52.388920
45173,54482,16236,STARTED,2020-01-11 05:00:00.000000
45174,54483,16236,CREATED,2020-01-11 07:06:08.232120
45175,54528,16254,STARTED,2020-01-11 06:00:00.000000
45176,54529,16254,CREATED,2020-01-11 08:05:40.321712
45177,54555,16216,AUTO_CLOSED,2020-01-11 08:00:00.000000
45178,54618,16272,AUTO_CLOSED,2020-01-11 10:00:00.000000
45179,54713,16323,STARTED,2020-01-11 11:00:00.000000
45180,54714,16323,CREATED,2020-01-11 13:04:05.354816
45181,54761,16240,AUTO_CLOSED,2020-01-11 14:00:00.000000
45182,54763,16211,AUTO_CLOSED,2020-01-11 14:00:00.000000
45183,54764,16243,AUTO_CLOSED,2020-01-11 14:00:00.000000
45184,54765,16221,AUTO_CLOSED,2020-01-11 14:00:00.000000
45185,54766,16280,AUTO_CLOSED,2020-01-11 14:00:00.000000
45186,54769,16247,AUTO_CLOSED,2020-01-11 14:00:00.000000
45187,54770,16223,AUTO_CLOSED,2020-01-11 14:00:00.000000
45188,54774,16248,AUTO_CLOSED,2020-01-11 14:00:00.000000
45189,54776,16250,AUTO_CLOSED,2020-01-11 14:00:00.000000
45190,54778,16229,AUTO_CLOSED,2020-01-11 14:00:00.000000
45191,54781,16255,AUTO_CLOSED,2020-01-11 14:00:00.000000
45192,54784,16330,AUTO_CLOSED,2020-01-11 14:00:00.000000
45193,54785,16257,AUTO_CLOSED,2020-01-11 14:00:00.000000
45194,54786,16232,AUTO_CLOSED,2020-01-11 14:00:00.000000
45195,54791,16234,AUTO_CLOSED,2020-01-11 14:00:00.000000
45196,54792,16291,AUTO_CLOSED,2020-01-11 14:00:00.000000
45197,54793,16235,AUTO_CLOSED,2020-01-11 14:00:00.000000
45198,54794,16259,AUTO_CLOSED,2020-01-11 14:00:00.000000
45199,54795,16260,AUTO_CLOSED,2020-01-11 14:00:00.000000
45200,54798,16261,AUTO_CLOSED,2020-01-11 14:00:00.000000
45201,54801,16265,AUTO_CLOSED,2020-01-11 14:00:00.000000
45202,54850,16353,STARTED,2020-01-11 14:00:00.000000
45203,54851,16353,CREATED,2020-01-11 16:02:00.486674
45204,54852,16349,AUTO_CLOSED,2020-01-11 16:00:00.000000
45205,54855,16355,STARTED,2020-01-11 14:00:00.000000
45206,54856,16355,CREATED,2020-01-11 16:04:12.477019
45207,54860,16357,STARTED,2020-01-11 14:00:00.000000
45208,54861,16357,CREATED,2020-01-11 16:04:20.131872
45209,54862,16326,AUTO_CLOSED,2020-01-11 16:00:00.000000
45210,54226,16138,AUTO_CLOSED,2020-01-10 22:00:00.000000
45211,54241,16149,STARTED,2020-01-10 21:00:00.000000
45212,54242,16149,CREATED,2020-01-10 23:02:40.258737
45213,54243,16150,STARTED,2020-01-10 21:00:00.000000
45214,54244,16150,CREATED,2020-01-10 23:02:47.741362
45215,54245,16151,STARTED,2020-01-10 21:00:00.000000
45216,54246,16151,CREATED,2020-01-10 23:03:09.995896
45217,54267,16158,STARTED,2020-01-10 22:00:00.000000
45218,54268,16158,CREATED,2020-01-11 00:03:15.712476
45219,54269,16148,AUTO_CLOSED,2020-01-11 00:00:00.000000
45220,54272,16152,AUTO_CLOSED,2020-01-11 00:00:00.000000
45221,54273,16153,AUTO_CLOSED,2020-01-11 00:00:00.000000
45222,54302,16168,STARTED,2020-01-11 00:00:00.000000
45223,54303,16168,CREATED,2020-01-11 02:03:23.629295
45224,54338,16182,STARTED,2020-01-11 01:00:00.000000
45225,54339,16182,CREATED,2020-01-11 03:06:02.367228
45226,54343,16184,STARTED,2020-01-11 01:00:00.000000
45227,54344,16184,CREATED,2020-01-11 03:06:44.006775
45228,54347,16186,STARTED,2020-01-11 01:00:00.000000
45229,54348,16186,CREATED,2020-01-11 03:07:23.219201
45230,54357,16175,AUTO_CLOSED,2020-01-11 04:00:00.000000
45231,54365,16185,AUTO_CLOSED,2020-01-11 04:00:00.000000
45232,54372,16195,STARTED,2020-01-11 03:00:00.000000
45233,54373,16195,CREATED,2020-01-11 05:04:03.400748
45234,54374,16196,STARTED,2020-01-11 03:00:00.000000
45235,54375,16196,CREATED,2020-01-11 05:04:14.456815
45236,54378,16198,STARTED,2020-01-11 03:00:00.000000
45237,54379,16198,CREATED,2020-01-11 05:04:17.897216
45238,54380,16199,STARTED,2020-01-11 03:00:00.000000
45239,54381,16199,CREATED,2020-01-11 05:04:23.284776
45240,54382,16200,STARTED,2020-01-11 03:00:00.000000
45241,54383,16200,CREATED,2020-01-11 05:04:26.531893
45242,54384,16189,AUTO_CLOSED,2020-01-11 05:00:00.000000
45243,54385,16201,STARTED,2020-01-11 03:00:00.000000
45244,54386,16201,CREATED,2020-01-11 05:04:34.917459
45245,54388,16202,STARTED,2020-01-11 03:00:00.000000
45246,54389,16202,CREATED,2020-01-11 05:04:38.214002
45247,54390,16190,AUTO_CLOSED,2020-01-11 05:00:00.000000
45248,54393,16204,STARTED,2020-01-11 03:00:00.000000
45249,54394,16204,CREATED,2020-01-11 05:04:48.039892
45250,54395,16205,STARTED,2020-01-11 03:00:00.000000
45251,54396,16205,CREATED,2020-01-11 05:04:55.664420
45252,54397,16191,AUTO_CLOSED,2020-01-11 05:00:00.000000
45253,54398,16206,STARTED,2020-01-11 03:00:00.000000
45254,54399,16206,CREATED,2020-01-11 05:05:27.036766
45255,54400,16207,STARTED,2020-01-11 03:00:00.000000
45256,54401,16207,CREATED,2020-01-11 05:05:30.630034
45257,54402,16208,STARTED,2020-01-11 03:00:00.000000
45258,54403,16208,CREATED,2020-01-11 05:05:56.455176
45259,54404,16209,STARTED,2020-01-11 03:00:00.000000
45260,54405,16209,CREATED,2020-01-11 05:06:15.939691
45261,54441,16219,STARTED,2020-01-11 05:00:00.000000
45262,54442,16219,CREATED,2020-01-11 07:04:28.426127
45263,54444,16220,STARTED,2020-01-11 05:00:00.000000
45264,54445,16220,CREATED,2020-01-11 07:04:34.027337
45265,54448,16200,AUTO_CLOSED,2020-01-11 07:00:00.000000
45266,54450,16222,STARTED,2020-01-11 05:00:00.000000
45267,54451,16222,CREATED,2020-01-11 07:04:40.132971
45268,54461,16205,AUTO_CLOSED,2020-01-11 07:00:00.000000
45269,54464,16227,STARTED,2020-01-11 05:00:00.000000
45270,54465,16227,CREATED,2020-01-11 07:05:04.603225
45271,54470,16230,STARTED,2020-01-11 05:00:00.000000
45272,54471,16230,CREATED,2020-01-11 07:05:16.404990
45273,54484,16237,STARTED,2020-01-11 05:00:00.000000
45274,54485,16237,CREATED,2020-01-11 07:06:15.964299
45275,54491,16218,AUTO_CLOSED,2020-01-11 08:00:00.000000
45276,54503,16179,AUTO_CLOSED,2020-01-11 08:00:00.000000
45277,54510,16228,AUTO_CLOSED,2020-01-11 08:00:00.000000
45278,54514,16183,AUTO_CLOSED,2020-01-11 08:00:00.000000
45279,54566,16272,STARTED,2020-01-11 07:00:00.000000
45280,54567,16272,CREATED,2020-01-11 09:05:32.094896
45281,54597,16254,AUTO_CLOSED,2020-01-11 09:00:00.000000
45282,54619,16196,AUTO_CLOSED,2020-01-11 10:00:00.000000
45283,54620,16295,STARTED,2020-01-11 08:00:00.000000
45284,54621,16295,CREATED,2020-01-11 10:04:34.390472
45285,54624,16201,AUTO_CLOSED,2020-01-11 10:00:00.000000
45286,54628,16245,AUTO_CLOSED,2020-01-11 10:00:00.000000
45287,54630,16298,STARTED,2020-01-11 08:00:00.000000
45288,54631,16298,CREATED,2020-01-11 10:05:09.282798
45289,54632,16284,AUTO_CLOSED,2020-01-11 10:00:00.000000
45290,54637,16288,AUTO_CLOSED,2020-01-11 10:00:00.000000
45291,54640,16300,STARTED,2020-01-11 08:00:00.000000
45292,54641,16300,CREATED,2020-01-11 10:06:28.514926
45293,54662,16309,STARTED,2020-01-11 09:00:00.000000
45294,54663,16309,CREATED,2020-01-11 11:05:03.161835
45295,54676,16267,AUTO_CLOSED,2020-01-11 12:00:00.000000
45296,54677,16172,AUTO_CLOSED,2020-01-11 12:00:00.000000
45297,54678,16301,AUTO_CLOSED,2020-01-11 12:00:00.000000
45298,54679,16292,AUTO_CLOSED,2020-01-11 12:00:00.000000
45299,54680,16315,STARTED,2020-01-11 10:00:00.000000
45300,54681,16315,CREATED,2020-01-11 12:04:10.184848
45301,54682,16303,AUTO_CLOSED,2020-01-11 12:00:00.000000
45302,54683,16304,AUTO_CLOSED,2020-01-11 12:00:00.000000
45303,54684,16308,AUTO_CLOSED,2020-01-11 12:00:00.000000
45304,54685,16297,AUTO_CLOSED,2020-01-11 12:00:00.000000
45305,54686,16277,AUTO_CLOSED,2020-01-11 12:00:00.000000
45306,54696,16226,AUTO_CLOSED,2020-01-11 12:00:00.000000
45307,54697,16311,AUTO_CLOSED,2020-01-11 12:00:00.000000
45308,54698,16312,AUTO_CLOSED,2020-01-11 12:00:00.000000
45309,54701,16313,AUTO_CLOSED,2020-01-11 12:00:00.000000
45310,54738,16329,STARTED,2020-01-11 11:00:00.000000
45311,54739,16329,CREATED,2020-01-11 13:05:39.839635
45312,54747,16331,STARTED,2020-01-11 11:00:00.000000
45313,54748,16331,CREATED,2020-01-11 13:07:06.329238
45314,54749,16332,STARTED,2020-01-11 11:00:00.000000
45315,54750,16332,CREATED,2020-01-11 13:07:13.841856
45316,54752,16333,STARTED,2020-01-11 11:00:00.000000
45317,54753,16333,CREATED,2020-01-11 13:07:57.336617
45318,54779,16338,STARTED,2020-01-11 12:00:00.000000
45319,54780,16338,CREATED,2020-01-11 14:05:51.150251
45320,54782,16339,STARTED,2020-01-11 12:00:00.000000
45321,54783,16339,CREATED,2020-01-11 14:05:56.654432
45322,54787,16340,STARTED,2020-01-11 12:00:00.000000
45323,54788,16340,CREATED,2020-01-11 14:06:16.735311
45324,54796,16342,STARTED,2020-01-11 12:00:00.000000
45325,54797,16342,CREATED,2020-01-11 14:06:30.421482
45326,54799,16343,STARTED,2020-01-11 12:00:00.000000
45327,54800,16343,CREATED,2020-01-11 14:06:33.764339
45328,54802,16331,AUTO_CLOSED,2020-01-11 14:00:00.000000
45329,54803,16332,AUTO_CLOSED,2020-01-11 14:00:00.000000
45330,54804,16344,STARTED,2020-01-11 12:00:00.000000
45331,54805,16344,CREATED,2020-01-11 14:07:41.357981
45332,54806,16345,STARTED,2020-01-11 12:00:00.000000
45333,54807,16345,CREATED,2020-01-11 14:07:51.040113
45334,54808,16333,AUTO_CLOSED,2020-01-11 14:00:00.000000
45335,54809,16346,STARTED,2020-01-11 12:00:00.000000
45336,54810,16346,CREATED,2020-01-11 14:08:10.002395
45337,54811,16347,STARTED,2020-01-11 12:00:00.000000
45338,54812,16347,CREATED,2020-01-11 14:08:15.547279
45339,54826,16336,AUTO_CLOSED,2020-01-11 15:00:00.000000
45340,54849,16348,AUTO_CLOSED,2020-01-11 15:00:00.000000
45341,54863,16246,AUTO_CLOSED,2020-01-11 16:00:00.000000
45342,54895,16370,STARTED,2020-01-11 15:00:00.000000
45343,54896,16370,CREATED,2020-01-11 17:05:28.211733
45344,54227,16140,AUTO_CLOSED,2020-01-10 22:00:00.000000
45345,54251,16154,STARTED,2020-01-10 21:00:00.000000
45346,54252,16154,CREATED,2020-01-10 23:04:08.461624
45347,54253,16143,AUTO_CLOSED,2020-01-10 23:00:00.000000
45348,54254,16135,AUTO_CLOSED,2020-01-10 23:00:00.000000
45349,54255,16144,AUTO_CLOSED,2020-01-10 23:00:00.000000
45350,54256,16141,AUTO_CLOSED,2020-01-10 23:00:00.000000
45351,54259,16145,AUTO_CLOSED,2020-01-10 23:00:00.000000
45352,54260,16072,AUTO_CLOSED,2020-01-10 23:00:00.000000
45353,54261,16146,AUTO_CLOSED,2020-01-10 23:00:00.000000
45354,54262,16076,AUTO_CLOSED,2020-01-10 23:00:00.000000
45355,54263,16156,STARTED,2020-01-10 21:00:00.000000
45356,54264,16156,CREATED,2020-01-10 23:05:49.741680
45357,54282,16155,AUTO_CLOSED,2020-01-11 00:00:00.000000
45358,54287,16137,AUTO_CLOSED,2020-01-11 01:00:00.000000
45359,54295,16166,STARTED,2020-01-10 23:00:00.000000
45360,54296,16166,CREATED,2020-01-11 01:04:01.111702
45361,54305,16159,AUTO_CLOSED,2020-01-11 02:00:00.000000
45362,54313,16167,AUTO_CLOSED,2020-01-11 02:00:00.000000
45363,54319,16165,AUTO_CLOSED,2020-01-11 03:00:00.000000
45364,54349,16173,AUTO_CLOSED,2020-01-11 04:00:00.000000
45365,54352,16188,STARTED,2020-01-11 02:00:00.000000
45366,54353,16188,CREATED,2020-01-11 04:04:10.885871
45367,54356,16174,AUTO_CLOSED,2020-01-11 04:00:00.000000
45368,54426,16215,STARTED,2020-01-11 04:00:00.000000
45369,54427,16215,CREATED,2020-01-11 06:07:13.114859
45370,54435,16217,STARTED,2020-01-11 05:00:00.000000
45371,54436,16217,CREATED,2020-01-11 07:03:41.352507
45372,54494,16240,STARTED,2020-01-11 06:00:00.000000
45373,54495,16240,CREATED,2020-01-11 08:04:36.564434
45374,54497,16241,STARTED,2020-01-11 06:00:00.000000
45375,54498,16241,CREATED,2020-01-11 08:04:40.018464
45376,54501,16243,STARTED,2020-01-11 06:00:00.000000
45377,54502,16243,CREATED,2020-01-11 08:04:46.972811
45378,54504,16244,STARTED,2020-01-11 06:00:00.000000
45379,54505,16244,CREATED,2020-01-11 08:04:55.898399
45380,54508,16246,STARTED,2020-01-11 06:00:00.000000
45381,54509,16246,CREATED,2020-01-11 08:05:03.591803
45382,54512,16247,STARTED,2020-01-11 06:00:00.000000
45383,54513,16247,CREATED,2020-01-11 08:05:07.010243
45384,54515,16248,STARTED,2020-01-11 06:00:00.000000
45385,54516,16248,CREATED,2020-01-11 08:05:13.847914
45386,54520,16250,STARTED,2020-01-11 06:00:00.000000
45387,54521,16250,CREATED,2020-01-11 08:05:24.267068
45388,54522,16251,STARTED,2020-01-11 06:00:00.000000
45389,54523,16251,CREATED,2020-01-11 08:05:27.755673
45390,54524,16252,STARTED,2020-01-11 06:00:00.000000
45391,54525,16252,CREATED,2020-01-11 08:05:33.332982
45392,54526,16253,STARTED,2020-01-11 06:00:00.000000
45393,54527,16253,CREATED,2020-01-11 08:05:36.818069
45394,54530,16255,STARTED,2020-01-11 06:00:00.000000
45395,54531,16255,CREATED,2020-01-11 08:05:47.950587
45396,54533,16256,STARTED,2020-01-11 06:00:00.000000
45397,54534,16256,CREATED,2020-01-11 08:05:58.977926
45398,54535,16257,STARTED,2020-01-11 06:00:00.000000
45399,54536,16257,CREATED,2020-01-11 08:06:04.411762
45400,54539,16259,STARTED,2020-01-11 06:00:00.000000
45401,54540,16259,CREATED,2020-01-11 08:06:28.604721
45402,54541,16260,STARTED,2020-01-11 06:00:00.000000
45403,54542,16260,CREATED,2020-01-11 08:06:32.031548
45404,54543,16261,STARTED,2020-01-11 06:00:00.000000
45405,54544,16261,CREATED,2020-01-11 08:06:35.407740
45406,54545,16262,STARTED,2020-01-11 06:00:00.000000
45407,54546,16262,CREATED,2020-01-11 08:06:42.915526
45408,54547,16263,STARTED,2020-01-11 06:00:00.000000
45409,54548,16263,CREATED,2020-01-11 08:06:49.810182
45410,54549,16264,STARTED,2020-01-11 06:00:00.000000
45411,54550,16264,CREATED,2020-01-11 08:06:53.346603
45412,54551,16265,STARTED,2020-01-11 06:00:00.000000
45413,54552,16265,CREATED,2020-01-11 08:06:56.919167
45414,54553,16266,STARTED,2020-01-11 06:00:00.000000
45415,54554,16266,CREATED,2020-01-11 08:07:00.276436
45416,54582,16280,STARTED,2020-01-11 07:00:00.000000
45417,54583,16280,CREATED,2020-01-11 09:06:19.110420
45418,54599,16287,STARTED,2020-01-11 07:00:00.000000
45419,54600,16287,CREATED,2020-01-11 09:07:06.015227
45420,54603,16289,STARTED,2020-01-11 07:00:00.000000
45421,54604,16289,CREATED,2020-01-11 09:07:25.956230
45422,54607,16291,STARTED,2020-01-11 07:00:00.000000
45423,54608,16291,CREATED,2020-01-11 09:07:47.498589
45424,54652,16305,STARTED,2020-01-11 09:00:00.000000
45425,54653,16305,CREATED,2020-01-11 11:04:17.528228
45426,54654,16306,STARTED,2020-01-11 09:00:00.000000
45427,54655,16306,CREATED,2020-01-11 11:04:28.826807
45428,54656,16295,AUTO_CLOSED,2020-01-11 11:00:00.000000
45429,54658,16307,STARTED,2020-01-11 09:00:00.000000
45430,54659,16307,CREATED,2020-01-11 11:05:00.635054
45431,54665,16310,STARTED,2020-01-11 09:00:00.000000
45432,54666,16310,CREATED,2020-01-11 11:05:42.617090
45433,54674,16314,STARTED,2020-01-11 09:00:00.000000
45434,54675,16314,CREATED,2020-01-11 11:06:21.540629
45435,54728,16318,AUTO_CLOSED,2020-01-11 13:00:00.000000
45436,54740,16253,AUTO_CLOSED,2020-01-11 13:00:00.000000
45437,54742,16330,STARTED,2020-01-11 11:00:00.000000
45438,54743,16330,CREATED,2020-01-11 13:06:12.029980
45439,54744,16289,AUTO_CLOSED,2020-01-11 13:00:00.000000
45440,54746,16262,AUTO_CLOSED,2020-01-11 13:00:00.000000
45441,54751,16266,AUTO_CLOSED,2020-01-11 13:00:00.000000
45442,54754,16322,AUTO_CLOSED,2020-01-11 14:00:00.000000
45443,54767,16336,STARTED,2020-01-11 12:00:00.000000
45444,54768,16336,CREATED,2020-01-11 14:05:13.110854
45445,54813,16348,STARTED,2020-01-11 12:00:00.000000
45446,54814,16348,CREATED,2020-01-11 14:08:57.968903
45447,54815,16315,AUTO_CLOSED,2020-01-11 15:00:00.000000
45448,54816,16334,AUTO_CLOSED,2020-01-11 15:00:00.000000
45449,54820,16349,STARTED,2020-01-11 13:00:00.000000
45450,54821,16349,CREATED,2020-01-11 15:06:00.320669
45451,54823,16350,STARTED,2020-01-11 13:00:00.000000
45452,54824,16350,CREATED,2020-01-11 15:06:03.744935
45453,54825,16337,AUTO_CLOSED,2020-01-11 15:00:00.000000
45454,54866,16329,AUTO_CLOSED,2020-01-11 16:00:00.000000
45455,54869,16360,STARTED,2020-01-11 14:00:00.000000
45456,54870,16360,CREATED,2020-01-11 16:05:11.459355
45457,54871,16361,STARTED,2020-01-11 14:00:00.000000
45458,54872,16361,CREATED,2020-01-11 16:05:25.368087
45459,54874,16362,STARTED,2020-01-11 14:00:00.000000
45460,54875,16362,CREATED,2020-01-11 16:06:53.772060
45461,54876,16363,STARTED,2020-01-11 14:00:00.000000
45462,54877,16363,CREATED,2020-01-11 16:07:13.764748
45463,54878,16346,AUTO_CLOSED,2020-01-11 16:00:00.000000
45464,54879,16347,AUTO_CLOSED,2020-01-11 16:00:00.000000
45465,54944,16374,AUTO_CLOSED,2020-01-11 18:00:00.000000
45466,54949,16388,STARTED,2020-01-11 17:00:00.000000
45467,54950,16388,CREATED,2020-01-11 19:01:33.471355
45468,54958,16273,AUTO_CLOSED,2020-01-11 19:00:00.000000
45469,54959,16367,AUTO_CLOSED,2020-01-11 19:00:00.000000
45470,54960,16350,AUTO_CLOSED,2020-01-11 19:00:00.000000
45471,54963,16355,AUTO_CLOSED,2020-01-11 19:00:00.000000
45472,54967,16379,AUTO_CLOSED,2020-01-11 19:00:00.000000
45473,54984,16390,AUTO_CLOSED,2020-01-11 20:00:00.000000
45474,54985,16399,STARTED,2020-01-11 18:00:00.000000
45475,54986,16399,CREATED,2020-01-11 20:03:41.847502
45476,54987,16383,AUTO_CLOSED,2020-01-11 20:00:00.000000
45477,54992,16397,AUTO_CLOSED,2020-01-11 20:00:00.000000
45478,54993,16387,AUTO_CLOSED,2020-01-11 20:00:00.000000
45479,54994,16400,STARTED,2020-01-11 18:00:00.000000
45480,54995,16400,CREATED,2020-01-11 20:05:07.793181
45481,54998,16237,AUTO_CLOSED,2020-01-11 20:00:00.000000
45482,54228,16143,STARTED,2020-01-10 20:00:00.000000
45483,54229,16143,CREATED,2020-01-10 22:05:21.556795
45484,54230,16144,STARTED,2020-01-10 20:00:00.000000
45485,54231,16144,CREATED,2020-01-10 22:05:37.272776
45486,54232,16145,STARTED,2020-01-10 20:00:00.000000
45487,54233,16145,CREATED,2020-01-10 22:06:16.825093
45488,54234,16136,AUTO_CLOSED,2020-01-10 22:00:00.000000
45489,54235,16146,STARTED,2020-01-10 20:00:00.000000
45490,54236,16146,CREATED,2020-01-10 22:06:31.328869
45491,54237,16147,STARTED,2020-01-10 20:00:00.000000
45492,54238,16147,CREATED,2020-01-10 22:06:42.714059
45493,54257,16155,STARTED,2020-01-10 21:00:00.000000
45494,54258,16155,CREATED,2020-01-10 23:05:20.493878
45495,54288,16158,AUTO_CLOSED,2020-01-11 01:00:00.000000
45496,54289,16163,STARTED,2020-01-10 23:00:00.000000
45497,54290,16163,CREATED,2020-01-11 01:02:15.069702
45498,54291,16164,STARTED,2020-01-10 23:00:00.000000
45499,54292,16164,CREATED,2020-01-11 01:03:47.808523
45500,54293,16165,STARTED,2020-01-10 23:00:00.000000
45501,54294,16165,CREATED,2020-01-11 01:03:59.753568
45502,54316,16168,AUTO_CLOSED,2020-01-11 03:00:00.000000
45503,54370,16194,STARTED,2020-01-11 03:00:00.000000
45504,54371,16194,CREATED,2020-01-11 05:02:16.737779
45505,54409,16211,STARTED,2020-01-11 04:00:00.000000
45506,54410,16211,CREATED,2020-01-11 06:06:04.475728
45507,54413,16212,STARTED,2020-01-11 04:00:00.000000
45508,54414,16212,CREATED,2020-01-11 06:06:14.328768
45509,54415,16213,STARTED,2020-01-11 04:00:00.000000
45510,54416,16213,CREATED,2020-01-11 06:06:22.071156
45511,54486,16238,STARTED,2020-01-11 06:00:00.000000
45512,54487,16238,CREATED,2020-01-11 08:03:36.979385
45513,54488,16239,STARTED,2020-01-11 06:00:00.000000
45514,54489,16239,CREATED,2020-01-11 08:03:40.489162
45515,54490,16217,AUTO_CLOSED,2020-01-11 08:00:00.000000
45516,54518,16249,STARTED,2020-01-11 06:00:00.000000
45517,54519,16249,CREATED,2020-01-11 08:05:16.966827
45518,54564,16271,STARTED,2020-01-11 07:00:00.000000
45519,54565,16271,CREATED,2020-01-11 09:05:27.327405
45520,54596,16215,AUTO_CLOSED,2020-01-11 09:00:00.000000
45521,54598,16249,AUTO_CLOSED,2020-01-11 09:00:00.000000
45522,54629,16244,AUTO_CLOSED,2020-01-11 10:00:00.000000
45523,54639,16256,AUTO_CLOSED,2020-01-11 10:00:00.000000
45524,54691,16309,AUTO_CLOSED,2020-01-11 12:00:00.000000
45525,54716,16324,STARTED,2020-01-11 11:00:00.000000
45526,54717,16324,CREATED,2020-01-11 13:04:25.529033
45527,54718,16316,AUTO_CLOSED,2020-01-11 13:00:00.000000
45528,54719,16325,STARTED,2020-01-11 11:00:00.000000
45529,54720,16325,CREATED,2020-01-11 13:04:34.161007
45530,54721,16306,AUTO_CLOSED,2020-01-11 13:00:00.000000
45531,54722,16317,AUTO_CLOSED,2020-01-11 13:00:00.000000
45532,54724,16242,AUTO_CLOSED,2020-01-11 13:00:00.000000
45533,54725,16320,AUTO_CLOSED,2020-01-11 13:00:00.000000
45534,54730,16307,AUTO_CLOSED,2020-01-11 13:00:00.000000
45535,54733,16327,STARTED,2020-01-11 11:00:00.000000
45536,54734,16327,CREATED,2020-01-11 13:05:18.616138
45537,54736,16328,STARTED,2020-01-11 11:00:00.000000
45538,54737,16328,CREATED,2020-01-11 13:05:26.382820
45539,54741,16290,AUTO_CLOSED,2020-01-11 13:00:00.000000
45540,54745,16314,AUTO_CLOSED,2020-01-11 13:00:00.000000
45541,54755,16334,STARTED,2020-01-11 12:00:00.000000
45542,54756,16334,CREATED,2020-01-11 14:03:17.539479
45543,54762,16274,AUTO_CLOSED,2020-01-11 14:00:00.000000
45544,54771,16337,STARTED,2020-01-11 12:00:00.000000
45545,54772,16337,CREATED,2020-01-11 14:05:18.613145
45546,54777,16299,AUTO_CLOSED,2020-01-11 14:00:00.000000
45547,54829,16224,AUTO_CLOSED,2020-01-11 15:00:00.000000
45548,54831,16225,AUTO_CLOSED,2020-01-11 15:00:00.000000
45549,54834,16251,AUTO_CLOSED,2020-01-11 15:00:00.000000
45550,54835,16252,AUTO_CLOSED,2020-01-11 15:00:00.000000
45551,54836,16231,AUTO_CLOSED,2020-01-11 15:00:00.000000
45552,54838,16233,AUTO_CLOSED,2020-01-11 15:00:00.000000
45553,54843,16236,AUTO_CLOSED,2020-01-11 15:00:00.000000
45554,54844,16263,AUTO_CLOSED,2020-01-11 15:00:00.000000
45555,54853,16354,STARTED,2020-01-11 14:00:00.000000
45556,54854,16354,CREATED,2020-01-11 16:04:06.177269
45557,54857,16278,AUTO_CLOSED,2020-01-11 16:00:00.000000
45558,54858,16356,STARTED,2020-01-11 14:00:00.000000
45559,54859,16356,CREATED,2020-01-11 16:04:19.237208
45560,54864,16358,STARTED,2020-01-11 14:00:00.000000
45561,54865,16358,CREATED,2020-01-11 16:04:44.006337
45562,54867,16359,STARTED,2020-01-11 14:00:00.000000
45563,54868,16359,CREATED,2020-01-11 16:05:00.422329
45564,54873,16352,AUTO_CLOSED,2020-01-11 16:00:00.000000
45565,54265,16157,STARTED,2020-01-10 21:00:00.000000
45566,54266,16157,CREATED,2020-01-10 23:06:08.178731
45567,54270,16149,AUTO_CLOSED,2020-01-11 00:00:00.000000
45568,54271,16150,AUTO_CLOSED,2020-01-11 00:00:00.000000
45569,54300,16163,AUTO_CLOSED,2020-01-11 02:00:00.000000
45570,54304,16164,AUTO_CLOSED,2020-01-11 02:00:00.000000
45571,54320,16169,AUTO_CLOSED,2020-01-11 03:00:00.000000
45572,54323,16175,STARTED,2020-01-11 01:00:00.000000
45573,54324,16175,CREATED,2020-01-11 03:05:36.653309
45574,54337,16170,AUTO_CLOSED,2020-01-11 03:00:00.000000
45575,54340,16171,AUTO_CLOSED,2020-01-11 03:00:00.000000
45576,54345,16185,STARTED,2020-01-11 01:00:00.000000
45577,54346,16185,CREATED,2020-01-11 03:06:47.680592
45578,54406,16194,AUTO_CLOSED,2020-01-11 06:00:00.000000
45579,54433,16216,STARTED,2020-01-11 04:00:00.000000
45580,54434,16216,CREATED,2020-01-11 06:08:26.834262
45581,54437,16218,STARTED,2020-01-11 05:00:00.000000
45582,54438,16218,CREATED,2020-01-11 07:04:19.765475
45583,54439,16210,AUTO_CLOSED,2020-01-11 07:00:00.000000
45584,54440,16166,AUTO_CLOSED,2020-01-11 07:00:00.000000
45585,54443,16188,AUTO_CLOSED,2020-01-11 07:00:00.000000
45586,54452,16176,AUTO_CLOSED,2020-01-11 07:00:00.000000
45587,54456,16214,AUTO_CLOSED,2020-01-11 07:00:00.000000
45588,54462,16226,STARTED,2020-01-11 05:00:00.000000
45589,54463,16226,CREATED,2020-01-11 07:05:01.980968
45590,54466,16228,STARTED,2020-01-11 05:00:00.000000
45591,54467,16228,CREATED,2020-01-11 07:05:07.439103
45592,54572,16275,STARTED,2020-01-11 07:00:00.000000
45593,54573,16275,CREATED,2020-01-11 09:05:58.141385
45594,54578,16278,STARTED,2020-01-11 07:00:00.000000
45595,54579,16278,CREATED,2020-01-11 09:06:12.963629
45596,54590,16284,STARTED,2020-01-11 07:00:00.000000
45597,54591,16284,CREATED,2020-01-11 09:06:42.323934
45598,54601,16288,STARTED,2020-01-11 07:00:00.000000
45599,54602,16288,CREATED,2020-01-11 09:07:10.656135
45600,54605,16290,STARTED,2020-01-11 07:00:00.000000
45601,54606,16290,CREATED,2020-01-11 09:07:26.800843
45602,54609,16258,AUTO_CLOSED,2020-01-11 09:00:00.000000
45603,54610,16268,AUTO_CLOSED,2020-01-11 10:00:00.000000
45604,54611,16292,STARTED,2020-01-11 08:00:00.000000
45605,54612,16292,CREATED,2020-01-11 10:02:45.631476
45606,54613,16269,AUTO_CLOSED,2020-01-11 10:00:00.000000
45607,54614,16293,STARTED,2020-01-11 08:00:00.000000
45608,54615,16293,CREATED,2020-01-11 10:03:37.930823
45609,54616,16294,STARTED,2020-01-11 08:00:00.000000
45610,54617,16294,CREATED,2020-01-11 10:03:51.815409
45611,54622,16296,STARTED,2020-01-11 08:00:00.000000
45612,54623,16296,CREATED,2020-01-11 10:04:43.072833
45613,54625,16297,STARTED,2020-01-11 08:00:00.000000
45614,54626,16297,CREATED,2020-01-11 10:04:56.641729
45615,54627,16276,AUTO_CLOSED,2020-01-11 10:00:00.000000
45616,54633,16299,STARTED,2020-01-11 08:00:00.000000
45617,54634,16299,CREATED,2020-01-11 10:05:32.635557
45618,54635,16283,AUTO_CLOSED,2020-01-11 10:00:00.000000
45619,54636,16285,AUTO_CLOSED,2020-01-11 10:00:00.000000
45620,54638,16286,AUTO_CLOSED,2020-01-11 10:00:00.000000
45621,54642,16301,STARTED,2020-01-11 09:00:00.000000
45622,54643,16301,CREATED,2020-01-11 11:02:42.781221
45623,54644,16302,STARTED,2020-01-11 09:00:00.000000
45624,54645,16302,CREATED,2020-01-11 11:03:08.434034
45625,54646,16303,STARTED,2020-01-11 09:00:00.000000
45626,54647,16303,CREATED,2020-01-11 11:03:22.568801
45627,54648,16304,STARTED,2020-01-11 09:00:00.000000
45628,54649,16304,CREATED,2020-01-11 11:03:26.419393
45629,54650,16293,AUTO_CLOSED,2020-01-11 11:00:00.000000
45630,54651,16294,AUTO_CLOSED,2020-01-11 11:00:00.000000
45631,54660,16308,STARTED,2020-01-11 09:00:00.000000
45632,54661,16308,CREATED,2020-01-11 11:05:01.281894
45633,54664,16281,AUTO_CLOSED,2020-01-11 11:00:00.000000
45634,54667,16311,STARTED,2020-01-11 09:00:00.000000
45635,54668,16311,CREATED,2020-01-11 11:05:46.755079
45636,54669,16312,STARTED,2020-01-11 09:00:00.000000
45637,54670,16312,CREATED,2020-01-11 11:05:50.013790
45638,54672,16313,STARTED,2020-01-11 09:00:00.000000
45639,54673,16313,CREATED,2020-01-11 11:05:53.392107
45640,54694,16318,STARTED,2020-01-11 10:00:00.000000
45641,54695,16318,CREATED,2020-01-11 12:06:39.102033
45642,54709,16264,AUTO_CLOSED,2020-01-11 12:00:00.000000
45643,54710,16322,STARTED,2020-01-11 11:00:00.000000
45644,54711,16322,CREATED,2020-01-11 13:03:01.179365
45645,54760,16324,AUTO_CLOSED,2020-01-11 14:00:00.000000
45646,54773,16327,AUTO_CLOSED,2020-01-11 14:00:00.000000
45647,54775,16328,AUTO_CLOSED,2020-01-11 14:00:00.000000
45648,54789,16341,STARTED,2020-01-11 12:00:00.000000
45649,54790,16341,CREATED,2020-01-11 14:06:17.142117
45650,54817,16335,AUTO_CLOSED,2020-01-11 15:00:00.000000
45651,54827,16325,AUTO_CLOSED,2020-01-11 15:00:00.000000
45652,54828,16220,AUTO_CLOSED,2020-01-11 15:00:00.000000
45653,54830,16319,AUTO_CLOSED,2020-01-11 15:00:00.000000
45654,54832,16351,STARTED,2020-01-11 13:00:00.000000
45655,54833,16351,CREATED,2020-01-11 15:07:03.272251
45656,54837,16321,AUTO_CLOSED,2020-01-11 15:00:00.000000
45657,54841,16352,STARTED,2020-01-11 13:00:00.000000
45658,54842,16352,CREATED,2020-01-11 15:08:01.869543
45659,54846,16341,AUTO_CLOSED,2020-01-11 15:00:00.000000
45660,54880,16353,AUTO_CLOSED,2020-01-11 17:00:00.000000
45661,54881,16354,AUTO_CLOSED,2020-01-11 17:00:00.000000
45662,54882,16364,STARTED,2020-01-11 15:00:00.000000
45663,54883,16364,CREATED,2020-01-11 17:04:41.715128
45664,54884,16365,STARTED,2020-01-11 15:00:00.000000
45665,54885,16365,CREATED,2020-01-11 17:04:47.663197
45666,54886,16366,STARTED,2020-01-11 15:00:00.000000
45667,54887,16366,CREATED,2020-01-11 17:04:51.191145
45668,54888,16356,AUTO_CLOSED,2020-01-11 17:00:00.000000
45669,54889,16367,STARTED,2020-01-11 15:00:00.000000
45670,54890,16367,CREATED,2020-01-11 17:05:05.714925
45671,54891,16368,STARTED,2020-01-11 15:00:00.000000
45672,54892,16368,CREATED,2020-01-11 17:05:12.059838
45673,54893,16369,STARTED,2020-01-11 15:00:00.000000
45674,54894,16369,CREATED,2020-01-11 17:05:17.583893
45675,54897,16371,STARTED,2020-01-11 15:00:00.000000
45676,54898,16371,CREATED,2020-01-11 17:05:29.724854
45677,54899,16372,STARTED,2020-01-11 15:00:00.000000
45678,54900,16372,CREATED,2020-01-11 17:05:31.777002
45679,54901,16359,AUTO_CLOSED,2020-01-11 17:00:00.000000
45680,54902,16360,AUTO_CLOSED,2020-01-11 17:00:00.000000
45681,54903,16373,STARTED,2020-01-11 15:00:00.000000
45682,54904,16373,CREATED,2020-01-11 17:05:51.735456
45683,54905,16374,STARTED,2020-01-11 15:00:00.000000
45684,54906,16374,CREATED,2020-01-11 17:05:52.912046
45685,54907,16361,AUTO_CLOSED,2020-01-11 17:00:00.000000
45686,54908,16375,STARTED,2020-01-11 15:00:00.000000
45687,54909,16375,CREATED,2020-01-11 17:06:21.082790
45688,54910,16376,STARTED,2020-01-11 15:00:00.000000
45689,54911,16376,CREATED,2020-01-11 17:06:24.532039
45690,54912,16342,AUTO_CLOSED,2020-01-11 17:00:00.000000
45691,54913,16362,AUTO_CLOSED,2020-01-11 17:00:00.000000
45692,54914,16345,AUTO_CLOSED,2020-01-11 17:00:00.000000
45693,54915,16363,AUTO_CLOSED,2020-01-11 17:00:00.000000
45694,54916,16377,STARTED,2020-01-11 16:00:00.000000
45695,54917,16377,CREATED,2020-01-11 18:03:17.413149
45696,54918,16378,STARTED,2020-01-11 16:00:00.000000
45697,54919,16378,CREATED,2020-01-11 18:04:05.858521
45698,54920,16379,STARTED,2020-01-11 16:00:00.000000
45699,54921,16379,CREATED,2020-01-11 18:04:08.221673
45700,54922,16380,STARTED,2020-01-11 16:00:00.000000
45701,54923,16380,CREATED,2020-01-11 18:04:08.385737
45702,54924,16381,STARTED,2020-01-11 16:00:00.000000
45703,54925,16381,CREATED,2020-01-11 18:04:09.340443
45704,54926,16364,AUTO_CLOSED,2020-01-11 18:00:00.000000
45705,54927,16357,AUTO_CLOSED,2020-01-11 18:00:00.000000
45706,54928,16371,AUTO_CLOSED,2020-01-11 18:00:00.000000
45707,54929,16366,AUTO_CLOSED,2020-01-11 18:00:00.000000
45708,54930,16382,STARTED,2020-01-11 16:00:00.000000
45709,54931,16382,CREATED,2020-01-11 18:04:24.299441
45710,54932,16383,STARTED,2020-01-11 16:00:00.000000
45711,54933,16383,CREATED,2020-01-11 18:04:29.885377
45712,54934,16351,AUTO_CLOSED,2020-01-11 18:00:00.000000
45713,54935,16370,AUTO_CLOSED,2020-01-11 18:00:00.000000
45714,54936,16384,STARTED,2020-01-11 16:00:00.000000
45715,54937,16384,CREATED,2020-01-11 18:04:40.610178
45716,54938,16368,AUTO_CLOSED,2020-01-11 18:00:00.000000
45717,54939,16385,STARTED,2020-01-11 16:00:00.000000
45718,54940,16385,CREATED,2020-01-11 18:05:06.217419
45719,54941,16373,AUTO_CLOSED,2020-01-11 18:00:00.000000
45720,54942,16386,STARTED,2020-01-11 16:00:00.000000
45721,54943,16386,CREATED,2020-01-11 18:05:25.011502
45722,54945,16387,STARTED,2020-01-11 16:00:00.000000
45723,54946,16387,CREATED,2020-01-11 18:05:45.022773
45724,54947,16375,AUTO_CLOSED,2020-01-11 18:00:00.000000
45725,54948,16376,AUTO_CLOSED,2020-01-11 18:00:00.000000
45726,54951,16377,AUTO_CLOSED,2020-01-11 19:00:00.000000
45727,54976,16396,STARTED,2020-01-11 17:00:00.000000
45728,54977,16396,CREATED,2020-01-11 19:04:12.393189
45729,54990,16396,AUTO_CLOSED,2020-01-11 20:00:00.000000
45730,54996,16401,STARTED,2020-01-11 18:00:00.000000
45731,54997,16401,CREATED,2020-01-11 20:05:17.855571
45732,55016,16407,STARTED,2020-01-11 19:00:00.000000
45733,55017,16407,CREATED,2020-01-11 21:04:30.425169
45734,55021,16401,AUTO_CLOSED,2020-01-11 21:00:00.000000
45735,55042,16378,AUTO_CLOSED,2020-01-11 23:00:00.000000
45736,55043,16381,AUTO_CLOSED,2020-01-11 23:00:00.000000
45737,55044,16411,AUTO_CLOSED,2020-01-11 23:00:00.000000
45738,55045,16412,AUTO_CLOSED,2020-01-11 23:00:00.000000
45739,55051,16417,STARTED,2020-01-11 21:00:00.000000
45740,55052,16417,CREATED,2020-01-11 23:05:14.920491
45741,55059,16417,AUTO_CLOSED,2020-01-12 00:00:00.000000
45742,55060,16193,AUTO_CLOSED,2020-01-12 00:00:00.000000
45743,55062,16418,AUTO_CLOSED,2020-01-12 01:00:00.000000
45744,55065,16420,STARTED,2020-01-11 23:00:00.000000
45745,55066,16420,CREATED,2020-01-12 01:05:01.856325
45767,54952,16389,STARTED,2020-01-11 17:00:00.000000
45768,54953,16389,CREATED,2020-01-11 19:03:06.964266
45769,54991,16372,AUTO_CLOSED,2020-01-11 20:00:00.000000
45770,55004,16389,AUTO_CLOSED,2020-01-11 21:00:00.000000
45771,55024,16402,AUTO_CLOSED,2020-01-11 21:00:00.000000
45772,55025,16410,STARTED,2020-01-11 20:00:00.000000
45773,55026,16410,CREATED,2020-01-11 22:02:55.443636
45774,55027,16403,AUTO_CLOSED,2020-01-11 22:00:00.000000
45775,55041,16410,AUTO_CLOSED,2020-01-11 23:00:00.000000
45776,55053,16413,AUTO_CLOSED,2020-01-12 00:00:00.000000
45777,55054,16414,AUTO_CLOSED,2020-01-12 00:00:00.000000
45778,55071,16423,STARTED,2020-01-12 00:00:00.000000
45779,55072,16423,CREATED,2020-01-12 02:04:22.875954
45780,55074,16424,STARTED,2020-01-12 00:00:00.000000
45781,55075,16424,CREATED,2020-01-12 02:04:56.177436
45782,55076,16420,AUTO_CLOSED,2020-01-12 02:00:00.000000
45784,55083,16426,STARTED,2020-01-12 02:00:00.000000
45786,55085,16427,STARTED,2020-01-12 02:00:00.000000
45788,55087,16428,STARTED,2020-01-12 02:00:00.000000
45790,55089,16429,STARTED,2020-01-12 02:00:00.000000
45793,55092,16430,STARTED,2020-01-12 02:00:00.000000
45795,55094,16431,STARTED,2020-01-12 02:00:00.000000
45797,55096,16432,STARTED,2020-01-12 02:00:00.000000
45799,55098,16433,STARTED,2020-01-12 02:00:00.000000
45801,55100,16434,STARTED,2020-01-12 02:00:00.000000
45803,55102,16435,STARTED,2020-01-12 03:00:00.000000
45807,55106,16436,STARTED,2020-01-12 03:00:00.000000
45809,55108,16437,STARTED,2020-01-12 03:00:00.000000
45812,55111,16438,STARTED,2020-01-12 03:00:00.000000
45814,55113,16439,STARTED,2020-01-12 03:00:00.000000
45816,55115,16440,STARTED,2020-01-12 03:00:00.000000
45921,54954,16390,STARTED,2020-01-11 17:00:00.000000
45922,54955,16390,CREATED,2020-01-11 19:03:27.601285
45923,54956,16380,AUTO_CLOSED,2020-01-11 19:00:00.000000
45924,54957,16382,AUTO_CLOSED,2020-01-11 19:00:00.000000
45925,54961,16391,STARTED,2020-01-11 17:00:00.000000
45926,54962,16391,CREATED,2020-01-11 19:03:37.449786
45927,54964,16392,STARTED,2020-01-11 17:00:00.000000
45928,54965,16392,CREATED,2020-01-11 19:03:44.823853
45929,54966,16384,AUTO_CLOSED,2020-01-11 19:00:00.000000
45930,54968,16393,STARTED,2020-01-11 17:00:00.000000
45931,54969,16393,CREATED,2020-01-11 19:03:48.173396
45932,54970,16394,STARTED,2020-01-11 17:00:00.000000
45933,54971,16394,CREATED,2020-01-11 19:03:48.738156
45934,54972,16395,STARTED,2020-01-11 17:00:00.000000
45935,54973,16395,CREATED,2020-01-11 19:03:51.538724
45936,54974,16369,AUTO_CLOSED,2020-01-11 19:00:00.000000
45937,54975,16385,AUTO_CLOSED,2020-01-11 19:00:00.000000
45938,54978,16397,STARTED,2020-01-11 17:00:00.000000
45939,54979,16397,CREATED,2020-01-11 19:04:26.120795
45940,54980,16386,AUTO_CLOSED,2020-01-11 19:00:00.000000
45941,54981,16388,AUTO_CLOSED,2020-01-11 20:00:00.000000
45942,54982,16398,STARTED,2020-01-11 18:00:00.000000
45943,54983,16398,CREATED,2020-01-11 20:02:43.144117
45944,54999,16402,STARTED,2020-01-11 18:00:00.000000
45945,55000,16402,CREATED,2020-01-11 20:06:07.985805
45946,55005,16365,AUTO_CLOSED,2020-01-11 21:00:00.000000
45947,55007,16404,STARTED,2020-01-11 19:00:00.000000
45948,55008,16404,CREATED,2020-01-11 21:03:33.936942
45949,55009,16394,AUTO_CLOSED,2020-01-11 21:00:00.000000
45950,55011,16358,AUTO_CLOSED,2020-01-11 21:00:00.000000
45951,55012,16405,STARTED,2020-01-11 19:00:00.000000
45952,55013,16405,CREATED,2020-01-11 21:04:04.432414
45953,55014,16406,STARTED,2020-01-11 19:00:00.000000
45954,55015,16406,CREATED,2020-01-11 21:04:14.842592
45955,55018,16408,STARTED,2020-01-11 19:00:00.000000
45956,55019,16408,CREATED,2020-01-11 21:04:41.842146
45957,55020,16400,AUTO_CLOSED,2020-01-11 21:00:00.000000
45958,55022,16409,STARTED,2020-01-11 19:00:00.000000
45959,55023,16409,CREATED,2020-01-11 21:06:02.836485
45960,55028,16411,STARTED,2020-01-11 20:00:00.000000
45961,55029,16411,CREATED,2020-01-11 22:03:39.371977
45962,55030,16399,AUTO_CLOSED,2020-01-11 22:00:00.000000
45963,55031,16412,STARTED,2020-01-11 20:00:00.000000
45964,55032,16412,CREATED,2020-01-11 22:03:49.708093
45965,55033,16404,AUTO_CLOSED,2020-01-11 22:00:00.000000
45966,55034,16406,AUTO_CLOSED,2020-01-11 22:00:00.000000
45967,55036,16408,AUTO_CLOSED,2020-01-11 22:00:00.000000
45968,55046,16415,STARTED,2020-01-11 21:00:00.000000
45969,55047,16415,CREATED,2020-01-11 23:04:29.973303
45970,55048,16405,AUTO_CLOSED,2020-01-11 23:00:00.000000
45971,55058,16415,AUTO_CLOSED,2020-01-12 00:00:00.000000
45972,55061,16409,AUTO_CLOSED,2020-01-12 00:00:00.000000
45973,55077,16421,AUTO_CLOSED,2020-01-12 02:00:00.000000
45974,55078,16422,AUTO_CLOSED,2020-01-12 03:00:00.000000
45975,55079,16425,STARTED,2020-01-12 01:00:00.000000
45976,55080,16425,CREATED,2020-01-12 03:04:01.919245
45977,55081,16423,AUTO_CLOSED,2020-01-12 03:00:00.000000
46029,54988,16392,AUTO_CLOSED,2020-01-11 20:00:00.000000
46030,54989,16393,AUTO_CLOSED,2020-01-11 20:00:00.000000
46031,55001,16398,AUTO_CLOSED,2020-01-11 21:00:00.000000
46032,55002,16403,STARTED,2020-01-11 19:00:00.000000
46033,55003,16403,CREATED,2020-01-11 21:02:49.723997
46034,55006,16391,AUTO_CLOSED,2020-01-11 21:00:00.000000
46035,55010,16395,AUTO_CLOSED,2020-01-11 21:00:00.000000
46036,55035,16407,AUTO_CLOSED,2020-01-11 22:00:00.000000
46037,55037,16413,STARTED,2020-01-11 21:00:00.000000
46038,55038,16413,CREATED,2020-01-11 23:01:57.919483
46039,55039,16414,STARTED,2020-01-11 21:00:00.000000
46040,55040,16414,CREATED,2020-01-11 23:02:03.770106
46041,55049,16416,STARTED,2020-01-11 21:00:00.000000
46042,55050,16416,CREATED,2020-01-11 23:04:51.531462
46043,55055,16418,STARTED,2020-01-11 22:00:00.000000
46044,55056,16418,CREATED,2020-01-12 00:05:40.697342
46045,55057,16416,AUTO_CLOSED,2020-01-12 00:00:00.000000
46046,55063,16419,STARTED,2020-01-11 23:00:00.000000
46047,55064,16419,CREATED,2020-01-12 01:04:40.698386
46048,55067,16421,STARTED,2020-01-11 23:00:00.000000
46049,55068,16421,CREATED,2020-01-12 01:06:22.738961
46050,55069,16422,STARTED,2020-01-12 00:00:00.000000
46051,55070,16422,CREATED,2020-01-12 02:01:54.454762
46052,55073,16419,AUTO_CLOSED,2020-01-12 02:00:00.000000
